question_id,scenario_id,setting,difficulty,variant,tier,tier_name,narrative,characters,question_text,choice_A,choice_B,choice_C,choice_D,correct_answer,explanation,tags
Q_SCN001_T1,SCN_001,domestic,medium,original,1,first_order_tom,Sara places her red notebook on the kitchen table. Tom moves the notebook to the drawer while Sara is in the garden. Sara comes back inside without speaking to Tom or Maya.,"{""A"": ""Sara"", ""B"": ""Tom"", ""C"": ""Maya""}","Based on what Sara has witnessed, what does Sara believe about the notebook location?",Sara does not know,drawer,Sara has no opinion about it,kitchen table,D,"Sara only witnessed event_1, event_3. They did not witness event_2. Therefore, Sara believes the notebook location is: kitchen table.","[""object_location"", ""false_belief"", ""information_asymmetry""]"
Q_SCN001_T2,SCN_001,domestic,medium,original,2,second_order_tom,Sara places her red notebook on the kitchen table. Tom moves the notebook to the drawer while Sara is in the garden. Sara comes back inside without speaking to Tom or Maya.,"{""A"": ""Sara"", ""B"": ""Tom"", ""C"": ""Maya""}",What does Sara think Tom believes about the notebook location?,Tom has never encountered the notebook location,Sara thinks Tom doesn't know about the notebook location,kitchen table,drawer,C,"Sara knows that Tom was present for event_1. From Sara's perspective, Tom's belief would be: kitchen table. This tests whether the model distinguishes 'what B actually knows' from 'what A thinks B knows'.","[""object_location"", ""false_belief"", ""information_asymmetry""]"
Q_SCN001_T3,SCN_001,domestic,medium,original,3,counterfactual_tom,Sara places her red notebook on the kitchen table. Tom moves the notebook to the drawer while Sara is in the garden. Sara comes back inside without speaking to Tom or Maya.,"{""A"": ""Sara"", ""B"": ""Tom"", ""C"": ""Maya""}","If Sara had witnessed event_2, what would Sara most likely think about Tom's intention?",Tom was trying to help or organize,Tom was unaware of the consequences,Tom was confused or mistaken,Tom was acting with hidden intent,D,"Counterfactually, if Sara had witnessed event_2 (Tom moves the notebook to the drawer while Sara is in the garden.), Sara would likely interpret Tom's action as intentional or purposeful. Without additional context suggesting benign intent, the default social interpretation leans toward hidden intent.","[""object_location"", ""false_belief"", ""information_asymmetry""]"
Q_SCN002_T1,SCN_002,domestic,medium,original,1,first_order_tom,Liam hides a birthday gift for Jake inside the hallway closet. Nora finds the gift while cleaning and moves it to the garage. Jake overhears Nora telling a friend on the phone that she put something in the garage.,"{""A"": ""Liam"", ""B"": ""Nora"", ""C"": ""Jake""}","Based on what Liam has witnessed, what does Liam believe about the gift location?",garage,true but does not know it is a gift,hallway closet,Liam does not know,C,"Liam only witnessed event_1. They did not witness event_2, event_3. Therefore, Liam believes the gift location is: hallway closet.","[""object_location"", ""false_belief"", ""partial_information""]"
Q_SCN002_T2,SCN_002,domestic,medium,original,2,second_order_tom,Liam hides a birthday gift for Jake inside the hallway closet. Nora finds the gift while cleaning and moves it to the garage. Jake overhears Nora telling a friend on the phone that she put something in the garage.,"{""A"": ""Liam"", ""B"": ""Nora"", ""C"": ""Jake""}",What does Liam think Nora believes about the gift location?,garage,true but does not know it is a gift,Liam thinks Nora doesn't know about the gift location,hallway closet,D,"Liam knows that Nora was present for some events. From Liam's perspective, Nora's belief would be: hallway closet. This tests whether the model distinguishes 'what B actually knows' from 'what A thinks B knows'.","[""object_location"", ""false_belief"", ""partial_information""]"
Q_SCN002_T3,SCN_002,domestic,medium,original,3,counterfactual_tom,Liam hides a birthday gift for Jake inside the hallway closet. Nora finds the gift while cleaning and moves it to the garage. Jake overhears Nora telling a friend on the phone that she put something in the garage.,"{""A"": ""Liam"", ""B"": ""Nora"", ""C"": ""Jake""}","If Liam had witnessed event_2, what would Liam most likely think about Nora's intention?",Nora was trying to help or organize,Nora was unaware of the consequences,Nora was confused or mistaken,Nora was acting with hidden intent,D,"Counterfactually, if Liam had witnessed event_2 (Nora finds the gift while cleaning and moves it to the garage.), Liam would likely interpret Nora's action as intentional or purposeful. Without additional context suggesting benign intent, the default social interpretation leans toward hidden intent.","[""object_location"", ""false_belief"", ""partial_information""]"
Q_SCN003_T1,SCN_003,domestic,easy,original,1,first_order_tom,Emma bakes cookies and leaves them on the counter to cool. Ryan eats all the cookies while Emma is upstairs. Emma calls down from upstairs asking if the cookies have cooled.,"{""A"": ""Emma"", ""B"": ""Ryan"", ""C"": ""Zoe""}","Based on what Emma has witnessed, what does Emma believe about the cookies status?",eaten by Ryan,eaten by himself,still on counter cooling,Emma does not know,C,"Emma only witnessed event_1, event_3. They did not witness event_2. Therefore, Emma believes the cookies status is: still on counter cooling.","[""object_state"", ""false_belief"", ""information_asymmetry""]"
Q_SCN003_T2,SCN_003,domestic,easy,original,2,second_order_tom,Emma bakes cookies and leaves them on the counter to cool. Ryan eats all the cookies while Emma is upstairs. Emma calls down from upstairs asking if the cookies have cooled.,"{""A"": ""Emma"", ""B"": ""Ryan"", ""C"": ""Zoe""}",What does Emma think Ryan believes about the cookies status?,eaten by himself,Emma thinks Ryan doesn't know about the cookies status,still on counter cooling,eaten by Ryan,C,"Emma knows that Ryan was present for event_1, event_3. From Emma's perspective, Ryan's belief would be: still on counter cooling. This tests whether the model distinguishes 'what B actually knows' from 'what A thinks B knows'.","[""object_state"", ""false_belief"", ""information_asymmetry""]"
Q_SCN003_T3,SCN_003,domestic,easy,original,3,counterfactual_tom,Emma bakes cookies and leaves them on the counter to cool. Ryan eats all the cookies while Emma is upstairs. Emma calls down from upstairs asking if the cookies have cooled.,"{""A"": ""Emma"", ""B"": ""Ryan"", ""C"": ""Zoe""}","If Emma had witnessed event_2, what would Emma most likely think about Ryan's intention?",Ryan was acting with hidden intent,Ryan was confused or mistaken,Ryan was trying to help or organize,Ryan was unaware of the consequences,A,"Counterfactually, if Emma had witnessed event_2 (Ryan eats all the cookies while Emma is upstairs.), Emma would likely interpret Ryan's action as intentional or purposeful. Without additional context suggesting benign intent, the default social interpretation leans toward hidden intent.","[""object_state"", ""false_belief"", ""information_asymmetry""]"
Q_SCN004_T1,SCN_004,domestic,hard,original,1,first_order_tom,Mia puts her phone on charge in the bedroom. David takes Mia's phone to look up a recipe in the kitchen. Lily puts the phone back in the bedroom before Mia returns. Mia comes back to the bedroom.,"{""A"": ""Mia"", ""B"": ""David"", ""C"": ""Lily""}","Based on what Mia has witnessed, what does Mia believe about the phone location?",bedroom,Mia does not know,bedroom (correct by coincidence),kitchen,C,"Mia only witnessed event_1, event_4. They did not witness event_2, event_3. Therefore, Mia believes the phone location is: bedroom (correct by coincidence).","[""object_location"", ""coincidental_true_belief"", ""multi_transfer""]"
Q_SCN004_T2,SCN_004,domestic,hard,original,2,second_order_tom,Mia puts her phone on charge in the bedroom. David takes Mia's phone to look up a recipe in the kitchen. Lily puts the phone back in the bedroom before Mia returns. Mia comes back to the bedroom.,"{""A"": ""Mia"", ""B"": ""David"", ""C"": ""Lily""}",What does Mia think David believes about the phone location?,bedroom,kitchen,Mia thinks David doesn't know about the phone location,bedroom (correct by coincidence),D,"Mia knows that David was present for some events. From Mia's perspective, David's belief would be: bedroom (correct by coincidence). This tests whether the model distinguishes 'what B actually knows' from 'what A thinks B knows'.","[""object_location"", ""coincidental_true_belief"", ""multi_transfer""]"
Q_SCN004_T3,SCN_004,domestic,hard,original,3,counterfactual_tom,Mia puts her phone on charge in the bedroom. David takes Mia's phone to look up a recipe in the kitchen. Lily puts the phone back in the bedroom before Mia returns. Mia comes back to the bedroom.,"{""A"": ""Mia"", ""B"": ""David"", ""C"": ""Lily""}","If Mia had witnessed event_2, what would Mia most likely think about David's intention?",David was unaware of the consequences,David was confused or mistaken,David was trying to help or organize,David was acting with hidden intent,D,"Counterfactually, if Mia had witnessed event_2 (David takes Mia's phone to look up a recipe in the kitchen.), Mia would likely interpret David's action as intentional or purposeful. Without additional context suggesting benign intent, the default social interpretation leans toward hidden intent.","[""object_location"", ""coincidental_true_belief"", ""multi_transfer""]"
Q_SCN005_T1,SCN_005,domestic,easy,original,1,first_order_tom,"Olivia tells Ethan she is going to the grocery store. After Ethan leaves the room, Olivia changes her mind and decides to go to the pharmacy instead. Chloe does not tell Ethan about the change of plans.","{""A"": ""Olivia"", ""B"": ""Ethan"", ""C"": ""Chloe""}","Based on what Olivia has witnessed, what does Olivia believe about the destination?",Olivia has no opinion about it,grocery store,pharmacy,Olivia does not know,C,"Olivia only witnessed event_1, event_2. They did not witness event_3. Therefore, Olivia believes the destination is: pharmacy.","[""plan_change"", ""false_belief"", ""information_asymmetry""]"
Q_SCN005_T2,SCN_005,domestic,easy,original,2,second_order_tom,"Olivia tells Ethan she is going to the grocery store. After Ethan leaves the room, Olivia changes her mind and decides to go to the pharmacy instead. Chloe does not tell Ethan about the change of plans.","{""A"": ""Olivia"", ""B"": ""Ethan"", ""C"": ""Chloe""}",What does Olivia think Ethan believes about the destination?,Olivia thinks Ethan doesn't know about the destination,Ethan has never encountered the destination,grocery store,pharmacy,D,"Olivia knows that Ethan was present for event_1. From Olivia's perspective, Ethan's belief would be: pharmacy. This tests whether the model distinguishes 'what B actually knows' from 'what A thinks B knows'.","[""plan_change"", ""false_belief"", ""information_asymmetry""]"
Q_SCN005_T3,SCN_005,domestic,easy,original,3,counterfactual_tom,"Olivia tells Ethan she is going to the grocery store. After Ethan leaves the room, Olivia changes her mind and decides to go to the pharmacy instead. Chloe does not tell Ethan about the change of plans.","{""A"": ""Olivia"", ""B"": ""Ethan"", ""C"": ""Chloe""}","If Olivia had witnessed event_3, what would Olivia most likely think about Ethan's intention?",Ethan was acting with hidden intent,Ethan was trying to help or organize,Ethan was unaware of the consequences,Ethan was confused or mistaken,A,"Counterfactually, if Olivia had witnessed event_3 (Chloe does not tell Ethan about the change of plans.), Olivia would likely interpret Ethan's action as intentional or purposeful. Without additional context suggesting benign intent, the default social interpretation leans toward hidden intent.","[""plan_change"", ""false_belief"", ""information_asymmetry""]"
Q_SCN006_T1,SCN_006,domestic,medium,original,1,first_order_tom,"Noah puts the TV remote on the coffee table. Ava moves the remote to the bookshelf while Noah is in the bathroom. Lucas, who was napping, wakes up and sees the remote on the bookshelf. Noah returns from the bathroom.","{""A"": ""Noah"", ""B"": ""Ava"", ""C"": ""Lucas""}","Based on what Noah has witnessed, what does Noah believe about the remote location?",Noah has no opinion about it,coffee table,Noah does not know,bookshelf,B,"Noah only witnessed event_1, event_4. They did not witness event_2, event_3. Therefore, Noah believes the remote location is: coffee table.","[""object_location"", ""false_belief"", ""independent_discovery""]"
Q_SCN006_T2,SCN_006,domestic,medium,original,2,second_order_tom,"Noah puts the TV remote on the coffee table. Ava moves the remote to the bookshelf while Noah is in the bathroom. Lucas, who was napping, wakes up and sees the remote on the bookshelf. Noah returns from the bathroom.","{""A"": ""Noah"", ""B"": ""Ava"", ""C"": ""Lucas""}",What does Noah think Ava believes about the remote location?,bookshelf,Ava has never encountered the remote location,Noah thinks Ava doesn't know about the remote location,coffee table,D,"Noah knows that Ava was present for event_1. From Noah's perspective, Ava's belief would be: coffee table. This tests whether the model distinguishes 'what B actually knows' from 'what A thinks B knows'.","[""object_location"", ""false_belief"", ""independent_discovery""]"
Q_SCN006_T3,SCN_006,domestic,medium,original,3,counterfactual_tom,"Noah puts the TV remote on the coffee table. Ava moves the remote to the bookshelf while Noah is in the bathroom. Lucas, who was napping, wakes up and sees the remote on the bookshelf. Noah returns from the bathroom.","{""A"": ""Noah"", ""B"": ""Ava"", ""C"": ""Lucas""}","If Noah had witnessed event_2, what would Noah most likely think about Ava's intention?",Ava was trying to help or organize,Ava was unaware of the consequences,Ava was acting with hidden intent,Ava was confused or mistaken,C,"Counterfactually, if Noah had witnessed event_2 (Ava moves the remote to the bookshelf while Noah is in the bathroom.), Noah would likely interpret Ava's action as intentional or purposeful. Without additional context suggesting benign intent, the default social interpretation leans toward hidden intent.","[""object_location"", ""false_belief"", ""independent_discovery""]"
Q_SCN007_T1,SCN_007,domestic,medium,original,1,first_order_tom,Isabella wraps a present and hides it in the top of her wardrobe. James sees Isabella going to the wardrobe and assumes she hid something there. Sophie moves the present to under the bed when both Isabella and James are out.,"{""A"": ""Isabella"", ""B"": ""James"", ""C"": ""Sophie""}","Based on what Isabella has witnessed, what does Isabella believe about the present location?",Isabella has no opinion about it,Isabella does not know,under the bed,top of wardrobe,D,"Isabella only witnessed event_1. They did not witness event_2, event_3. Therefore, Isabella believes the present location is: top of wardrobe.","[""object_location"", ""inference_based_belief"", ""false_belief""]"
Q_SCN007_T2,SCN_007,domestic,medium,original,2,second_order_tom,Isabella wraps a present and hides it in the top of her wardrobe. James sees Isabella going to the wardrobe and assumes she hid something there. Sophie moves the present to under the bed when both Isabella and James are out.,"{""A"": ""Isabella"", ""B"": ""James"", ""C"": ""Sophie""}",What does Isabella think James believes about the present location?,top of wardrobe,under the bed,Isabella thinks James doesn't know about the present location,James has never encountered the present location,A,"Isabella knows that James was present for some events. From Isabella's perspective, James's belief would be: top of wardrobe. This tests whether the model distinguishes 'what B actually knows' from 'what A thinks B knows'.","[""object_location"", ""inference_based_belief"", ""false_belief""]"
Q_SCN007_T3,SCN_007,domestic,medium,original,3,counterfactual_tom,Isabella wraps a present and hides it in the top of her wardrobe. James sees Isabella going to the wardrobe and assumes she hid something there. Sophie moves the present to under the bed when both Isabella and James are out.,"{""A"": ""Isabella"", ""B"": ""James"", ""C"": ""Sophie""}","If Isabella had witnessed event_2, what would Isabella most likely think about James's intention?",James was acting with hidden intent,James was confused or mistaken,James was unaware of the consequences,James was trying to help or organize,A,"Counterfactually, if Isabella had witnessed event_2 (James sees Isabella going to the wardrobe and assumes she hid something there.), Isabella would likely interpret James's action as intentional or purposeful. Without additional context suggesting benign intent, the default social interpretation leans toward hidden intent.","[""object_location"", ""inference_based_belief"", ""false_belief""]"
Q_SCN008_T1,SCN_008,domestic,easy,original,1,first_order_tom,"Harper tells Daniel and Grace that dinner will be at 7 PM. Harper texts Daniel privately that dinner is moved to 8 PM. Grace asks Daniel what time dinner is, but Daniel is on the phone and doesn't hear her.","{""A"": ""Harper"", ""B"": ""Daniel"", ""C"": ""Grace""}","Based on what Harper has witnessed, what does Harper believe about the dinner time?",8 PM,Harper has no opinion about it,Harper does not know,7 PM,A,"Harper only witnessed event_1, event_2. They did not witness event_3. Therefore, Harper believes the dinner time is: 8 PM.","[""schedule_change"", ""selective_communication"", ""information_asymmetry""]"
Q_SCN008_T2,SCN_008,domestic,easy,original,2,second_order_tom,"Harper tells Daniel and Grace that dinner will be at 7 PM. Harper texts Daniel privately that dinner is moved to 8 PM. Grace asks Daniel what time dinner is, but Daniel is on the phone and doesn't hear her.","{""A"": ""Harper"", ""B"": ""Daniel"", ""C"": ""Grace""}",What does Harper think Daniel believes about the dinner time?,7 PM,Daniel has never encountered the dinner time,Harper thinks Daniel doesn't know about the dinner time,8 PM,D,"Harper knows that Daniel was present for event_1, event_2. From Harper's perspective, Daniel's belief would be: 8 PM. This tests whether the model distinguishes 'what B actually knows' from 'what A thinks B knows'.","[""schedule_change"", ""selective_communication"", ""information_asymmetry""]"
Q_SCN008_T3,SCN_008,domestic,easy,original,3,counterfactual_tom,"Harper tells Daniel and Grace that dinner will be at 7 PM. Harper texts Daniel privately that dinner is moved to 8 PM. Grace asks Daniel what time dinner is, but Daniel is on the phone and doesn't hear her.","{""A"": ""Harper"", ""B"": ""Daniel"", ""C"": ""Grace""}","If Harper had witnessed event_3, what would Harper most likely think about Daniel's intention?",Daniel was confused or mistaken,Daniel was unaware of the consequences,Daniel was acting with hidden intent,Daniel was trying to help or organize,C,"Counterfactually, if Harper had witnessed event_3 (Grace asks Daniel what time dinner is, but Daniel is on the phone and doesn't hear her.), Harper would likely interpret Daniel's action as intentional or purposeful. Without additional context suggesting benign intent, the default social interpretation leans toward hidden intent.","[""schedule_change"", ""selective_communication"", ""information_asymmetry""]"
Q_SCN009_T1,SCN_009,domestic,hard,original,1,first_order_tom,Ella puts her keys in the blue bowl by the front door. Marcus accidentally knocks the bowl and the keys fall behind the shoe rack. Freya finds the keys behind the shoe rack and puts them in her pocket. Ella comes to the front door looking for her keys.,"{""A"": ""Ella"", ""B"": ""Marcus"", ""C"": ""Freya""}","Based on what Ella has witnessed, what does Ella believe about the keys location?",her pocket,blue bowl,behind shoe rack,Ella does not know,B,"Ella only witnessed event_1, event_4. They did not witness event_2, event_3. Therefore, Ella believes the keys location is: blue bowl.","[""object_location"", ""chain_transfer"", ""false_belief""]"
Q_SCN009_T2,SCN_009,domestic,hard,original,2,second_order_tom,Ella puts her keys in the blue bowl by the front door. Marcus accidentally knocks the bowl and the keys fall behind the shoe rack. Freya finds the keys behind the shoe rack and puts them in her pocket. Ella comes to the front door looking for her keys.,"{""A"": ""Ella"", ""B"": ""Marcus"", ""C"": ""Freya""}",What does Ella think Marcus believes about the keys location?,behind shoe rack,Ella thinks Marcus doesn't know about the keys location,blue bowl,her pocket,C,"Ella knows that Marcus was present for event_1. From Ella's perspective, Marcus's belief would be: blue bowl. This tests whether the model distinguishes 'what B actually knows' from 'what A thinks B knows'.","[""object_location"", ""chain_transfer"", ""false_belief""]"
Q_SCN009_T3,SCN_009,domestic,hard,original,3,counterfactual_tom,Ella puts her keys in the blue bowl by the front door. Marcus accidentally knocks the bowl and the keys fall behind the shoe rack. Freya finds the keys behind the shoe rack and puts them in her pocket. Ella comes to the front door looking for her keys.,"{""A"": ""Ella"", ""B"": ""Marcus"", ""C"": ""Freya""}","If Ella had witnessed event_2, what would Ella most likely think about Marcus's intention?",Marcus was unaware of the consequences,Marcus was confused or mistaken,Marcus was trying to help or organize,Marcus was acting with hidden intent,D,"Counterfactually, if Ella had witnessed event_2 (Marcus accidentally knocks the bowl and the keys fall behind the shoe rack.), Ella would likely interpret Marcus's action as intentional or purposeful. Without additional context suggesting benign intent, the default social interpretation leans toward hidden intent.","[""object_location"", ""chain_transfer"", ""false_belief""]"
Q_SCN010_T1,SCN_010,domestic,medium,original,1,first_order_tom,Aiden tells Clara he is feeling fine. Aiden privately tells Finn he actually feels sick but doesn't want Clara to worry. Clara notices Aiden looks pale but doesn't say anything.,"{""A"": ""Aiden"", ""B"": ""Clara"", ""C"": ""Finn""}","Based on what Aiden has witnessed, what does Aiden believe about the about own health?",says fine but looks pale,Aiden has no opinion about it,sick,Aiden does not know,C,"Aiden only witnessed event_1, event_2. They did not witness event_3. Therefore, Aiden believes the about own health is: sick.","[""deception"", ""emotional_state"", ""information_asymmetry""]"
Q_SCN010_T2,SCN_010,domestic,medium,original,2,second_order_tom,Aiden tells Clara he is feeling fine. Aiden privately tells Finn he actually feels sick but doesn't want Clara to worry. Clara notices Aiden looks pale but doesn't say anything.,"{""A"": ""Aiden"", ""B"": ""Clara"", ""C"": ""Finn""}",What does Aiden think Clara believes about the about own health?,Clara has never encountered the about own health,says fine but looks pale,sick,Aiden thinks Clara doesn't know about the about own health,C,"Aiden knows that Clara was present for event_1. From Aiden's perspective, Clara's belief would be: sick. This tests whether the model distinguishes 'what B actually knows' from 'what A thinks B knows'.","[""deception"", ""emotional_state"", ""information_asymmetry""]"
Q_SCN010_T3,SCN_010,domestic,medium,original,3,counterfactual_tom,Aiden tells Clara he is feeling fine. Aiden privately tells Finn he actually feels sick but doesn't want Clara to worry. Clara notices Aiden looks pale but doesn't say anything.,"{""A"": ""Aiden"", ""B"": ""Clara"", ""C"": ""Finn""}","If Aiden had witnessed event_3, what would Aiden most likely think about Clara's intention?",Clara was acting with hidden intent,Clara was trying to help or organize,Clara was confused or mistaken,Clara was unaware of the consequences,A,"Counterfactually, if Aiden had witnessed event_3 (Clara notices Aiden looks pale but doesn't say anything.), Aiden would likely interpret Clara's action as intentional or purposeful. Without additional context suggesting benign intent, the default social interpretation leans toward hidden intent.","[""deception"", ""emotional_state"", ""information_asymmetry""]"
Q_SCN011_T1,SCN_011,domestic,easy,original,1,first_order_tom,"Penelope puts the cat's medicine in the top kitchen cabinet. Oscar moves the medicine to the bathroom cabinet for safety, while Penelope is asleep. Penelope wakes up and goes to give the cat its medicine.","{""A"": ""Penelope"", ""B"": ""Oscar"", ""C"": ""Iris""}","Based on what Penelope has witnessed, what does Penelope believe about the medicine location?",Penelope does not know,top kitchen cabinet,Penelope has no opinion about it,bathroom cabinet,B,"Penelope only witnessed event_1, event_3. They did not witness event_2. Therefore, Penelope believes the medicine location is: top kitchen cabinet.","[""object_location"", ""false_belief"", ""practical_scenario""]"
Q_SCN011_T2,SCN_011,domestic,easy,original,2,second_order_tom,"Penelope puts the cat's medicine in the top kitchen cabinet. Oscar moves the medicine to the bathroom cabinet for safety, while Penelope is asleep. Penelope wakes up and goes to give the cat its medicine.","{""A"": ""Penelope"", ""B"": ""Oscar"", ""C"": ""Iris""}",What does Penelope think Oscar believes about the medicine location?,top kitchen cabinet,Oscar has never encountered the medicine location,Penelope thinks Oscar doesn't know about the medicine location,bathroom cabinet,A,"Penelope knows that Oscar was present for event_1. From Penelope's perspective, Oscar's belief would be: top kitchen cabinet. This tests whether the model distinguishes 'what B actually knows' from 'what A thinks B knows'.","[""object_location"", ""false_belief"", ""practical_scenario""]"
Q_SCN011_T3,SCN_011,domestic,easy,original,3,counterfactual_tom,"Penelope puts the cat's medicine in the top kitchen cabinet. Oscar moves the medicine to the bathroom cabinet for safety, while Penelope is asleep. Penelope wakes up and goes to give the cat its medicine.","{""A"": ""Penelope"", ""B"": ""Oscar"", ""C"": ""Iris""}","If Penelope had witnessed event_2, what would Penelope most likely think about Oscar's intention?",Oscar was acting with hidden intent,Oscar was trying to help or organize,Oscar was confused or mistaken,Oscar was unaware of the consequences,A,"Counterfactually, if Penelope had witnessed event_2 (Oscar moves the medicine to the bathroom cabinet for safety, while Penelope is asleep.), Penelope would likely interpret Oscar's action as intentional or purposeful. Without additional context suggesting benign intent, the default social interpretation leans toward hidden intent.","[""object_location"", ""false_belief"", ""practical_scenario""]"
Q_SCN012_T1,SCN_012,domestic,medium,original,1,first_order_tom,"Ruby hides Easter eggs in the garden, specifically near the rose bush. Felix watches through the window and sees Ruby hiding eggs near the rose bush. Hazel moves some eggs from the rose bush to the birdbath without anyone seeing. Ruby announces it's time for the egg hunt.","{""A"": ""Ruby"", ""B"": ""Felix"", ""C"": ""Hazel""}","Based on what Ruby has witnessed, what does Ruby believe about the eggs location?","some near rose bush, some at birdbath",Ruby has no opinion about it,near rose bush,Ruby does not know,C,"Ruby only witnessed event_1, event_4. They did not witness event_2, event_3. Therefore, Ruby believes the eggs location is: near rose bush.","[""object_location"", ""secret_observation"", ""partial_move""]"
Q_SCN012_T2,SCN_012,domestic,medium,original,2,second_order_tom,"Ruby hides Easter eggs in the garden, specifically near the rose bush. Felix watches through the window and sees Ruby hiding eggs near the rose bush. Hazel moves some eggs from the rose bush to the birdbath without anyone seeing. Ruby announces it's time for the egg hunt.","{""A"": ""Ruby"", ""B"": ""Felix"", ""C"": ""Hazel""}",What does Ruby think Felix believes about the eggs location?,"some near rose bush, some at birdbath",Ruby thinks Felix doesn't know about the eggs location,near rose bush,Felix has never encountered the eggs location,C,"Ruby knows that Felix was present for event_4. From Ruby's perspective, Felix's belief would be: near rose bush. This tests whether the model distinguishes 'what B actually knows' from 'what A thinks B knows'.","[""object_location"", ""secret_observation"", ""partial_move""]"
Q_SCN012_T3,SCN_012,domestic,medium,original,3,counterfactual_tom,"Ruby hides Easter eggs in the garden, specifically near the rose bush. Felix watches through the window and sees Ruby hiding eggs near the rose bush. Hazel moves some eggs from the rose bush to the birdbath without anyone seeing. Ruby announces it's time for the egg hunt.","{""A"": ""Ruby"", ""B"": ""Felix"", ""C"": ""Hazel""}","If Ruby had witnessed event_2, what would Ruby most likely think about Felix's intention?",Felix was trying to help or organize,Felix was confused or mistaken,Felix was unaware of the consequences,Felix was acting with hidden intent,D,"Counterfactually, if Ruby had witnessed event_2 (Felix watches through the window and sees Ruby hiding eggs near the rose bush.), Ruby would likely interpret Felix's action as intentional or purposeful. Without additional context suggesting benign intent, the default social interpretation leans toward hidden intent.","[""object_location"", ""secret_observation"", ""partial_move""]"
Q_SCN013_T1,SCN_013,domestic,hard,original,1,first_order_tom,Violet puts a love letter for Leo inside a book on the living room shelf. Ivy borrows the book without knowing the letter is inside. Leo goes to the shelf to browse books and doesn't find the specific book.,"{""A"": ""Violet"", ""B"": ""Leo"", ""C"": ""Ivy""}","Based on what Violet has witnessed, what does Violet believe about the letter location?","missing from shelf, doesn't know about letter",inside book on shelf,"a book, unaware of letter inside",Violet does not know,B,"Violet only witnessed event_1. They did not witness event_2, event_3. Therefore, Violet believes the letter location is: inside book on shelf.","[""hidden_object"", ""unknowing_transfer"", ""false_belief""]"
Q_SCN013_T2,SCN_013,domestic,hard,original,2,second_order_tom,Violet puts a love letter for Leo inside a book on the living room shelf. Ivy borrows the book without knowing the letter is inside. Leo goes to the shelf to browse books and doesn't find the specific book.,"{""A"": ""Violet"", ""B"": ""Leo"", ""C"": ""Ivy""}",What does Violet think Leo believes about the letter location?,inside book on shelf,"a book, unaware of letter inside","missing from shelf, doesn't know about letter",Violet thinks Leo doesn't know about the letter location,A,"Violet knows that Leo was present for some events. From Violet's perspective, Leo's belief would be: inside book on shelf. This tests whether the model distinguishes 'what B actually knows' from 'what A thinks B knows'.","[""hidden_object"", ""unknowing_transfer"", ""false_belief""]"
Q_SCN013_T3,SCN_013,domestic,hard,original,3,counterfactual_tom,Violet puts a love letter for Leo inside a book on the living room shelf. Ivy borrows the book without knowing the letter is inside. Leo goes to the shelf to browse books and doesn't find the specific book.,"{""A"": ""Violet"", ""B"": ""Leo"", ""C"": ""Ivy""}","If Violet had witnessed event_2, what would Violet most likely think about Leo's intention?",Leo was trying to help or organize,Leo was acting with hidden intent,Leo was unaware of the consequences,Leo was confused or mistaken,B,"Counterfactually, if Violet had witnessed event_2 (Ivy borrows the book without knowing the letter is inside.), Violet would likely interpret Leo's action as intentional or purposeful. Without additional context suggesting benign intent, the default social interpretation leans toward hidden intent.","[""hidden_object"", ""unknowing_transfer"", ""false_belief""]"
Q_SCN014_T1,SCN_014,domestic,medium,original,1,first_order_tom,Theo pours orange juice into a green pitcher and puts it in the fridge. Luna drinks the last of the juice and refills the pitcher with lemonade. Max sees the green pitcher in the fridge but wasn't present for any pouring.,"{""A"": ""Theo"", ""B"": ""Luna"", ""C"": ""Max""}","Based on what Theo has witnessed, what does Theo believe about the pitcher contains?",Theo does not know,lemonade,unknown liquid,orange juice,D,"Theo only witnessed event_1. They did not witness event_2, event_3. Therefore, Theo believes the pitcher contains is: orange juice.","[""content_change"", ""false_belief"", ""appearance_vs_reality""]"
Q_SCN014_T2,SCN_014,domestic,medium,original,2,second_order_tom,Theo pours orange juice into a green pitcher and puts it in the fridge. Luna drinks the last of the juice and refills the pitcher with lemonade. Max sees the green pitcher in the fridge but wasn't present for any pouring.,"{""A"": ""Theo"", ""B"": ""Luna"", ""C"": ""Max""}",What does Theo think Luna believes about the pitcher contains?,Theo thinks Luna doesn't know about the pitcher contains,lemonade,orange juice,unknown liquid,C,"Theo knows that Luna was present for event_1. From Theo's perspective, Luna's belief would be: orange juice. This tests whether the model distinguishes 'what B actually knows' from 'what A thinks B knows'.","[""content_change"", ""false_belief"", ""appearance_vs_reality""]"
Q_SCN014_T3,SCN_014,domestic,medium,original,3,counterfactual_tom,Theo pours orange juice into a green pitcher and puts it in the fridge. Luna drinks the last of the juice and refills the pitcher with lemonade. Max sees the green pitcher in the fridge but wasn't present for any pouring.,"{""A"": ""Theo"", ""B"": ""Luna"", ""C"": ""Max""}","If Theo had witnessed event_2, what would Theo most likely think about Luna's intention?",Luna was confused or mistaken,Luna was trying to help or organize,Luna was acting with hidden intent,Luna was unaware of the consequences,C,"Counterfactually, if Theo had witnessed event_2 (Luna drinks the last of the juice and refills the pitcher with lemonade.), Theo would likely interpret Luna's action as intentional or purposeful. Without additional context suggesting benign intent, the default social interpretation leans toward hidden intent.","[""content_change"", ""false_belief"", ""appearance_vs_reality""]"
Q_SCN015_T1,SCN_015,domestic,easy,original,1,first_order_tom,"Aria tells Sam she booked a table at the Italian restaurant for Saturday. Aria calls the restaurant and changes the reservation to the French bistro, telling only Nina. Sam buys a bottle of Italian wine as a gift for the dinner.","{""A"": ""Aria"", ""B"": ""Sam"", ""C"": ""Nina""}","Based on what Aria has witnessed, what does Aria believe about the restaurant?",Aria has no opinion about it,Italian restaurant,Aria does not know,French bistro,D,"Aria only witnessed event_1, event_2. They did not witness event_3. Therefore, Aria believes the restaurant is: French bistro.","[""plan_change"", ""selective_update"", ""false_belief""]"
Q_SCN015_T2,SCN_015,domestic,easy,original,2,second_order_tom,"Aria tells Sam she booked a table at the Italian restaurant for Saturday. Aria calls the restaurant and changes the reservation to the French bistro, telling only Nina. Sam buys a bottle of Italian wine as a gift for the dinner.","{""A"": ""Aria"", ""B"": ""Sam"", ""C"": ""Nina""}",What does Aria think Sam believes about the restaurant?,Sam has never encountered the restaurant,French bistro,Aria thinks Sam doesn't know about the restaurant,Italian restaurant,B,"Aria knows that Sam was present for event_1. From Aria's perspective, Sam's belief would be: French bistro. This tests whether the model distinguishes 'what B actually knows' from 'what A thinks B knows'.","[""plan_change"", ""selective_update"", ""false_belief""]"
Q_SCN015_T3,SCN_015,domestic,easy,original,3,counterfactual_tom,"Aria tells Sam she booked a table at the Italian restaurant for Saturday. Aria calls the restaurant and changes the reservation to the French bistro, telling only Nina. Sam buys a bottle of Italian wine as a gift for the dinner.","{""A"": ""Aria"", ""B"": ""Sam"", ""C"": ""Nina""}","If Aria had witnessed event_3, what would Aria most likely think about Sam's intention?",Sam was trying to help or organize,Sam was acting with hidden intent,Sam was unaware of the consequences,Sam was confused or mistaken,B,"Counterfactually, if Aria had witnessed event_3 (Sam buys a bottle of Italian wine as a gift for the dinner.), Aria would likely interpret Sam's action as intentional or purposeful. Without additional context suggesting benign intent, the default social interpretation leans toward hidden intent.","[""plan_change"", ""selective_update"", ""false_belief""]"
Q_SCN016_T1,SCN_016,domestic,easy,original,1,first_order_tom,"Owen leaves cash inside an envelope on the kitchen counter for the plumber. Stella puts the envelope in her purse for safekeeping, intending to give it to the plumber herself. Hugo, the plumber, arrives and looks at the kitchen counter.","{""A"": ""Owen"", ""B"": ""Stella"", ""C"": ""Hugo""}","Based on what Owen has witnessed, what does Owen believe about the envelope location?","not on counter, no knowledge of envelope",kitchen counter,Owen does not know,her purse,B,"Owen only witnessed event_1. They did not witness event_2, event_3. Therefore, Owen believes the envelope location is: kitchen counter.","[""object_location"", ""false_belief"", ""third_party_perspective""]"
Q_SCN016_T2,SCN_016,domestic,easy,original,2,second_order_tom,"Owen leaves cash inside an envelope on the kitchen counter for the plumber. Stella puts the envelope in her purse for safekeeping, intending to give it to the plumber herself. Hugo, the plumber, arrives and looks at the kitchen counter.","{""A"": ""Owen"", ""B"": ""Stella"", ""C"": ""Hugo""}",What does Owen think Stella believes about the envelope location?,Owen thinks Stella doesn't know about the envelope location,her purse,"not on counter, no knowledge of envelope",kitchen counter,D,"Owen knows that Stella was present for event_1. From Owen's perspective, Stella's belief would be: kitchen counter. This tests whether the model distinguishes 'what B actually knows' from 'what A thinks B knows'.","[""object_location"", ""false_belief"", ""third_party_perspective""]"
Q_SCN016_T3,SCN_016,domestic,easy,original,3,counterfactual_tom,"Owen leaves cash inside an envelope on the kitchen counter for the plumber. Stella puts the envelope in her purse for safekeeping, intending to give it to the plumber herself. Hugo, the plumber, arrives and looks at the kitchen counter.","{""A"": ""Owen"", ""B"": ""Stella"", ""C"": ""Hugo""}","If Owen had witnessed event_2, what would Owen most likely think about Stella's intention?",Stella was trying to help or organize,Stella was confused or mistaken,Stella was acting with hidden intent,Stella was unaware of the consequences,C,"Counterfactually, if Owen had witnessed event_2 (Stella puts the envelope in her purse for safekeeping, intending to give it to the plumber herself.), Owen would likely interpret Stella's action as intentional or purposeful. Without additional context suggesting benign intent, the default social interpretation leans toward hidden intent.","[""object_location"", ""false_belief"", ""third_party_perspective""]"
Q_SCN017_T1,SCN_017,domestic,medium,original,1,first_order_tom,"Caleb plants sunflower seeds in the front garden bed and marks the spot with a small flag. Daisy removes the flag thinking it's litter, while Caleb is at work. Jasper waters the marked spot in the garden, unaware the flag has been removed.","{""A"": ""Caleb"", ""B"": ""Daisy"", ""C"": ""Jasper""}","Based on what Caleb has witnessed, what does Caleb believe about the flag status?",Caleb does not know,still marking the garden spot,thrown away as litter,still marking the spot (doesn't know it was removed),B,"Caleb only witnessed event_1. They did not witness event_2, event_3. Therefore, Caleb believes the flag status is: still marking the garden spot.","[""object_state"", ""misunderstanding"", ""false_belief""]"
Q_SCN017_T2,SCN_017,domestic,medium,original,2,second_order_tom,"Caleb plants sunflower seeds in the front garden bed and marks the spot with a small flag. Daisy removes the flag thinking it's litter, while Caleb is at work. Jasper waters the marked spot in the garden, unaware the flag has been removed.","{""A"": ""Caleb"", ""B"": ""Daisy"", ""C"": ""Jasper""}",What does Caleb think Daisy believes about the flag status?,thrown away as litter,still marking the spot (doesn't know it was removed),Caleb thinks Daisy doesn't know about the flag status,still marking the garden spot,D,"Caleb knows that Daisy was present for some events. From Caleb's perspective, Daisy's belief would be: still marking the garden spot. This tests whether the model distinguishes 'what B actually knows' from 'what A thinks B knows'.","[""object_state"", ""misunderstanding"", ""false_belief""]"
Q_SCN017_T3,SCN_017,domestic,medium,original,3,counterfactual_tom,"Caleb plants sunflower seeds in the front garden bed and marks the spot with a small flag. Daisy removes the flag thinking it's litter, while Caleb is at work. Jasper waters the marked spot in the garden, unaware the flag has been removed.","{""A"": ""Caleb"", ""B"": ""Daisy"", ""C"": ""Jasper""}","If Caleb had witnessed event_2, what would Caleb most likely think about Daisy's intention?",Daisy was unaware of the consequences,Daisy was trying to help or organize,Daisy was confused or mistaken,Daisy was acting with hidden intent,D,"Counterfactually, if Caleb had witnessed event_2 (Daisy removes the flag thinking it's litter, while Caleb is at work.), Caleb would likely interpret Daisy's action as intentional or purposeful. Without additional context suggesting benign intent, the default social interpretation leans toward hidden intent.","[""object_state"", ""misunderstanding"", ""false_belief""]"
Q_SCN018_T1,SCN_018,workplace,easy,original,1,first_order_tom,Rachel saves the quarterly report on the shared drive in the 'Q3 Reports' folder. Kevin reorganizes the shared drive and moves all reports to a new 'Archive' folder. Diana asks Rachel where the quarterly report is.,"{""A"": ""Rachel"", ""B"": ""Kevin"", ""C"": ""Diana""}","Based on what Rachel has witnessed, what does Rachel believe about the report location?",Archive folder,Rachel does not know,"unknown, is asking",Q3 Reports folder,D,"Rachel only witnessed event_1, event_3. They did not witness event_2. Therefore, Rachel believes the report location is: Q3 Reports folder.","[""file_location"", ""false_belief"", ""workplace_organization""]"
Q_SCN018_T2,SCN_018,workplace,easy,original,2,second_order_tom,Rachel saves the quarterly report on the shared drive in the 'Q3 Reports' folder. Kevin reorganizes the shared drive and moves all reports to a new 'Archive' folder. Diana asks Rachel where the quarterly report is.,"{""A"": ""Rachel"", ""B"": ""Kevin"", ""C"": ""Diana""}",What does Rachel think Kevin believes about the report location?,Q3 Reports folder,Rachel thinks Kevin doesn't know about the report location,"unknown, is asking",Archive folder,A,"Rachel knows that Kevin was present for some events. From Rachel's perspective, Kevin's belief would be: Q3 Reports folder. This tests whether the model distinguishes 'what B actually knows' from 'what A thinks B knows'.","[""file_location"", ""false_belief"", ""workplace_organization""]"
Q_SCN018_T3,SCN_018,workplace,easy,original,3,counterfactual_tom,Rachel saves the quarterly report on the shared drive in the 'Q3 Reports' folder. Kevin reorganizes the shared drive and moves all reports to a new 'Archive' folder. Diana asks Rachel where the quarterly report is.,"{""A"": ""Rachel"", ""B"": ""Kevin"", ""C"": ""Diana""}","If Rachel had witnessed event_2, what would Rachel most likely think about Kevin's intention?",Kevin was acting with hidden intent,Kevin was confused or mistaken,Kevin was unaware of the consequences,Kevin was trying to help or organize,A,"Counterfactually, if Rachel had witnessed event_2 (Kevin reorganizes the shared drive and moves all reports to a new 'Archive' folder.), Rachel would likely interpret Kevin's action as intentional or purposeful. Without additional context suggesting benign intent, the default social interpretation leans toward hidden intent.","[""file_location"", ""false_belief"", ""workplace_organization""]"
Q_SCN019_T1,SCN_019,workplace,medium,original,1,first_order_tom,"Nathan tells Priya he submitted the project proposal to the client. Nathan realizes there was an error and retracts the email, telling only Carlos. Priya emails the client a follow-up referencing the submitted proposal.","{""A"": ""Nathan"", ""B"": ""Priya"", ""C"": ""Carlos""}","Based on what Nathan has witnessed, what does Nathan believe about the proposal status?",Nathan has no opinion about it,retracted,Nathan does not know,submitted to client,B,"Nathan only witnessed event_1, event_2. They did not witness event_3. Therefore, Nathan believes the proposal status is: retracted.","[""status_change"", ""selective_communication"", ""workplace_error""]"
Q_SCN019_T2,SCN_019,workplace,medium,original,2,second_order_tom,"Nathan tells Priya he submitted the project proposal to the client. Nathan realizes there was an error and retracts the email, telling only Carlos. Priya emails the client a follow-up referencing the submitted proposal.","{""A"": ""Nathan"", ""B"": ""Priya"", ""C"": ""Carlos""}",What does Nathan think Priya believes about the proposal status?,retracted,Priya has never encountered the proposal status,submitted to client,Nathan thinks Priya doesn't know about the proposal status,A,"Nathan knows that Priya was present for event_1. From Nathan's perspective, Priya's belief would be: retracted. This tests whether the model distinguishes 'what B actually knows' from 'what A thinks B knows'.","[""status_change"", ""selective_communication"", ""workplace_error""]"
Q_SCN019_T3,SCN_019,workplace,medium,original,3,counterfactual_tom,"Nathan tells Priya he submitted the project proposal to the client. Nathan realizes there was an error and retracts the email, telling only Carlos. Priya emails the client a follow-up referencing the submitted proposal.","{""A"": ""Nathan"", ""B"": ""Priya"", ""C"": ""Carlos""}","If Nathan had witnessed event_3, what would Nathan most likely think about Priya's intention?",Priya was acting with hidden intent,Priya was trying to help or organize,Priya was confused or mistaken,Priya was unaware of the consequences,A,"Counterfactually, if Nathan had witnessed event_3 (Priya emails the client a follow-up referencing the submitted proposal.), Nathan would likely interpret Priya's action as intentional or purposeful. Without additional context suggesting benign intent, the default social interpretation leans toward hidden intent.","[""status_change"", ""selective_communication"", ""workplace_error""]"
Q_SCN020_T1,SCN_020,workplace,easy,original,1,first_order_tom,Samira leaves the prototype in Lab Room 3. Brett moves the prototype to Lab Room 1 for testing. Samira returns to Lab Room 3 to continue working on the prototype.,"{""A"": ""Samira"", ""B"": ""Brett"", ""C"": ""Wendy""}","Based on what Samira has witnessed, what does Samira believe about the prototype location?",Lab Room 1,Samira does not know,Samira has no opinion about it,Lab Room 3,D,"Samira only witnessed event_1, event_3. They did not witness event_2. Therefore, Samira believes the prototype location is: Lab Room 3.","[""object_location"", ""false_belief"", ""workplace_lab""]"
Q_SCN020_T2,SCN_020,workplace,easy,original,2,second_order_tom,Samira leaves the prototype in Lab Room 3. Brett moves the prototype to Lab Room 1 for testing. Samira returns to Lab Room 3 to continue working on the prototype.,"{""A"": ""Samira"", ""B"": ""Brett"", ""C"": ""Wendy""}",What does Samira think Brett believes about the prototype location?,Samira thinks Brett doesn't know about the prototype location,Brett has never encountered the prototype location,Lab Room 1,Lab Room 3,D,"Samira knows that Brett was present for event_1. From Samira's perspective, Brett's belief would be: Lab Room 3. This tests whether the model distinguishes 'what B actually knows' from 'what A thinks B knows'.","[""object_location"", ""false_belief"", ""workplace_lab""]"
Q_SCN020_T3,SCN_020,workplace,easy,original,3,counterfactual_tom,Samira leaves the prototype in Lab Room 3. Brett moves the prototype to Lab Room 1 for testing. Samira returns to Lab Room 3 to continue working on the prototype.,"{""A"": ""Samira"", ""B"": ""Brett"", ""C"": ""Wendy""}","If Samira had witnessed event_2, what would Samira most likely think about Brett's intention?",Brett was unaware of the consequences,Brett was acting with hidden intent,Brett was confused or mistaken,Brett was trying to help or organize,B,"Counterfactually, if Samira had witnessed event_2 (Brett moves the prototype to Lab Room 1 for testing.), Samira would likely interpret Brett's action as intentional or purposeful. Without additional context suggesting benign intent, the default social interpretation leans toward hidden intent.","[""object_location"", ""false_belief"", ""workplace_lab""]"
Q_SCN021_T1,SCN_021,workplace,easy,original,1,first_order_tom,"Derek schedules a team meeting for 2 PM in Conference Room A. Derek changes the meeting to 3 PM and updates the calendar, but the notification only reaches Fiona. Raj heads to Conference Room A at 1:55 PM.","{""A"": ""Derek"", ""B"": ""Fiona"", ""C"": ""Raj""}","Based on what Derek has witnessed, what does Derek believe about the meeting time?",2 PM,Derek does not know,Derek has no opinion about it,3 PM,D,"Derek only witnessed event_1, event_2. They did not witness event_3. Therefore, Derek believes the meeting time is: 3 PM.","[""schedule_change"", ""notification_failure"", ""false_belief""]"
Q_SCN021_T2,SCN_021,workplace,easy,original,2,second_order_tom,"Derek schedules a team meeting for 2 PM in Conference Room A. Derek changes the meeting to 3 PM and updates the calendar, but the notification only reaches Fiona. Raj heads to Conference Room A at 1:55 PM.","{""A"": ""Derek"", ""B"": ""Fiona"", ""C"": ""Raj""}",What does Derek think Fiona believes about the meeting time?,Fiona has never encountered the meeting time,Derek thinks Fiona doesn't know about the meeting time,3 PM,2 PM,C,"Derek knows that Fiona was present for event_1, event_2. From Derek's perspective, Fiona's belief would be: 3 PM. This tests whether the model distinguishes 'what B actually knows' from 'what A thinks B knows'.","[""schedule_change"", ""notification_failure"", ""false_belief""]"
Q_SCN021_T3,SCN_021,workplace,easy,original,3,counterfactual_tom,"Derek schedules a team meeting for 2 PM in Conference Room A. Derek changes the meeting to 3 PM and updates the calendar, but the notification only reaches Fiona. Raj heads to Conference Room A at 1:55 PM.","{""A"": ""Derek"", ""B"": ""Fiona"", ""C"": ""Raj""}","If Derek had witnessed event_3, what would Derek most likely think about Fiona's intention?",Fiona was trying to help or organize,Fiona was unaware of the consequences,Fiona was acting with hidden intent,Fiona was confused or mistaken,C,"Counterfactually, if Derek had witnessed event_3 (Raj heads to Conference Room A at 1:55 PM.), Derek would likely interpret Fiona's action as intentional or purposeful. Without additional context suggesting benign intent, the default social interpretation leans toward hidden intent.","[""schedule_change"", ""notification_failure"", ""false_belief""]"
Q_SCN022_T1,SCN_022,workplace,hard,original,1,first_order_tom,"Monica puts the client files in the locked filing cabinet. Steve asks Monica's assistant where the files are; the assistant guesses the filing cabinet. Tara, the office manager, moves all filing cabinet contents to the digital archive room. Monica returns to her office the next morning.","{""A"": ""Monica"", ""B"": ""Steve"", ""C"": ""Tara""}","Based on what Monica has witnessed, what does Monica believe about the files location?",filing cabinet,filing cabinet (from assistant's guess),Monica does not know,digital archive room,A,"Monica only witnessed event_1, event_4. They did not witness event_2, event_3. Therefore, Monica believes the files location is: filing cabinet.","[""object_location"", ""secondhand_information"", ""organizational_change""]"
Q_SCN022_T2,SCN_022,workplace,hard,original,2,second_order_tom,"Monica puts the client files in the locked filing cabinet. Steve asks Monica's assistant where the files are; the assistant guesses the filing cabinet. Tara, the office manager, moves all filing cabinet contents to the digital archive room. Monica returns to her office the next morning.","{""A"": ""Monica"", ""B"": ""Steve"", ""C"": ""Tara""}",What does Monica think Steve believes about the files location?,Monica thinks Steve doesn't know about the files location,filing cabinet,digital archive room,filing cabinet (from assistant's guess),B,"Monica knows that Steve was present for some events. From Monica's perspective, Steve's belief would be: filing cabinet. This tests whether the model distinguishes 'what B actually knows' from 'what A thinks B knows'.","[""object_location"", ""secondhand_information"", ""organizational_change""]"
Q_SCN022_T3,SCN_022,workplace,hard,original,3,counterfactual_tom,"Monica puts the client files in the locked filing cabinet. Steve asks Monica's assistant where the files are; the assistant guesses the filing cabinet. Tara, the office manager, moves all filing cabinet contents to the digital archive room. Monica returns to her office the next morning.","{""A"": ""Monica"", ""B"": ""Steve"", ""C"": ""Tara""}","If Monica had witnessed event_2, what would Monica most likely think about Steve's intention?",Steve was confused or mistaken,Steve was trying to help or organize,Steve was acting with hidden intent,Steve was unaware of the consequences,C,"Counterfactually, if Monica had witnessed event_2 (Steve asks Monica's assistant where the files are; the assistant guesses the filing cabinet.), Monica would likely interpret Steve's action as intentional or purposeful. Without additional context suggesting benign intent, the default social interpretation leans toward hidden intent.","[""object_location"", ""secondhand_information"", ""organizational_change""]"
Q_SCN023_T1,SCN_023,workplace,medium,original,1,first_order_tom,Yuki tells Andre that the product launch is confirmed for March. The CEO privately informs Yuki the launch is delayed to April. Petra overhears Andre excitedly telling a colleague about the March launch.,"{""A"": ""Yuki"", ""B"": ""Andre"", ""C"": ""Petra""}","Based on what Yuki has witnessed, what does Yuki believe about the launch date?",March,Yuki does not know,April,Yuki has no opinion about it,C,"Yuki only witnessed event_1, event_2. They did not witness event_3. Therefore, Yuki believes the launch date is: April.","[""schedule_change"", ""information_cascade"", ""false_belief""]"
Q_SCN023_T2,SCN_023,workplace,medium,original,2,second_order_tom,Yuki tells Andre that the product launch is confirmed for March. The CEO privately informs Yuki the launch is delayed to April. Petra overhears Andre excitedly telling a colleague about the March launch.,"{""A"": ""Yuki"", ""B"": ""Andre"", ""C"": ""Petra""}",What does Yuki think Andre believes about the launch date?,Andre has never encountered the launch date,March,Yuki thinks Andre doesn't know about the launch date,April,D,"Yuki knows that Andre was present for event_1. From Yuki's perspective, Andre's belief would be: April. This tests whether the model distinguishes 'what B actually knows' from 'what A thinks B knows'.","[""schedule_change"", ""information_cascade"", ""false_belief""]"
Q_SCN023_T3,SCN_023,workplace,medium,original,3,counterfactual_tom,Yuki tells Andre that the product launch is confirmed for March. The CEO privately informs Yuki the launch is delayed to April. Petra overhears Andre excitedly telling a colleague about the March launch.,"{""A"": ""Yuki"", ""B"": ""Andre"", ""C"": ""Petra""}","If Yuki had witnessed event_3, what would Yuki most likely think about Andre's intention?",Andre was acting with hidden intent,Andre was unaware of the consequences,Andre was trying to help or organize,Andre was confused or mistaken,A,"Counterfactually, if Yuki had witnessed event_3 (Petra overhears Andre excitedly telling a colleague about the March launch.), Yuki would likely interpret Andre's action as intentional or purposeful. Without additional context suggesting benign intent, the default social interpretation leans toward hidden intent.","[""schedule_change"", ""information_cascade"", ""false_belief""]"
Q_SCN024_T1,SCN_024,workplace,medium,original,1,first_order_tom,Glenn writes a critical email about the project manager and saves it as a draft. Rita accidentally sends Glenn's draft email to the entire team. Simon reads the email and assumes Glenn sent it intentionally.,"{""A"": ""Glenn"", ""B"": ""Rita"", ""C"": ""Simon""}","Based on what Glenn has witnessed, what does Glenn believe about the email status?",accidentally sent to team,saved as draft,intentionally sent by Glenn,Glenn does not know,B,"Glenn only witnessed event_1. They did not witness event_2, event_3. Therefore, Glenn believes the email status is: saved as draft.","[""communication_error"", ""false_belief"", ""attribution_error""]"
Q_SCN024_T2,SCN_024,workplace,medium,original,2,second_order_tom,Glenn writes a critical email about the project manager and saves it as a draft. Rita accidentally sends Glenn's draft email to the entire team. Simon reads the email and assumes Glenn sent it intentionally.,"{""A"": ""Glenn"", ""B"": ""Rita"", ""C"": ""Simon""}",What does Glenn think Rita believes about the email status?,intentionally sent by Glenn,accidentally sent to team,Glenn thinks Rita doesn't know about the email status,saved as draft,D,"Glenn knows that Rita was present for some events. From Glenn's perspective, Rita's belief would be: saved as draft. This tests whether the model distinguishes 'what B actually knows' from 'what A thinks B knows'.","[""communication_error"", ""false_belief"", ""attribution_error""]"
Q_SCN024_T3,SCN_024,workplace,medium,original,3,counterfactual_tom,Glenn writes a critical email about the project manager and saves it as a draft. Rita accidentally sends Glenn's draft email to the entire team. Simon reads the email and assumes Glenn sent it intentionally.,"{""A"": ""Glenn"", ""B"": ""Rita"", ""C"": ""Simon""}","If Glenn had witnessed event_2, what would Glenn most likely think about Rita's intention?",Rita was trying to help or organize,Rita was unaware of the consequences,Rita was acting with hidden intent,Rita was confused or mistaken,C,"Counterfactually, if Glenn had witnessed event_2 (Rita accidentally sends Glenn's draft email to the entire team.), Glenn would likely interpret Rita's action as intentional or purposeful. Without additional context suggesting benign intent, the default social interpretation leans toward hidden intent.","[""communication_error"", ""false_belief"", ""attribution_error""]"
Q_SCN025_T1,SCN_025,workplace,medium,original,1,first_order_tom,"Holly leaves her laptop unlocked with confidential data on screen in the meeting room. Ivan walks in, sees the data, and locks the laptop. Nadia later sits at the meeting room table and sees the locked laptop. Holly returns to the meeting room.","{""A"": ""Holly"", ""B"": ""Ivan"", ""C"": ""Nadia""}","Based on what Holly has witnessed, what does Holly believe about the laptop status?",locked (saw it locked),Holly does not know,unlocked with data on screen,locked (he locked it),C,"Holly only witnessed event_1, event_4. They did not witness event_2, event_3. Therefore, Holly believes the laptop status is: unlocked with data on screen.","[""device_state"", ""helpful_intervention"", ""false_belief""]"
Q_SCN025_T2,SCN_025,workplace,medium,original,2,second_order_tom,"Holly leaves her laptop unlocked with confidential data on screen in the meeting room. Ivan walks in, sees the data, and locks the laptop. Nadia later sits at the meeting room table and sees the locked laptop. Holly returns to the meeting room.","{""A"": ""Holly"", ""B"": ""Ivan"", ""C"": ""Nadia""}",What does Holly think Ivan believes about the laptop status?,locked (saw it locked),unlocked with data on screen,Holly thinks Ivan doesn't know about the laptop status,locked (he locked it),B,"Holly knows that Ivan was present for some events. From Holly's perspective, Ivan's belief would be: unlocked with data on screen. This tests whether the model distinguishes 'what B actually knows' from 'what A thinks B knows'.","[""device_state"", ""helpful_intervention"", ""false_belief""]"
Q_SCN025_T3,SCN_025,workplace,medium,original,3,counterfactual_tom,"Holly leaves her laptop unlocked with confidential data on screen in the meeting room. Ivan walks in, sees the data, and locks the laptop. Nadia later sits at the meeting room table and sees the locked laptop. Holly returns to the meeting room.","{""A"": ""Holly"", ""B"": ""Ivan"", ""C"": ""Nadia""}","If Holly had witnessed event_2, what would Holly most likely think about Ivan's intention?",Ivan was unaware of the consequences,Ivan was acting with hidden intent,Ivan was trying to help or organize,Ivan was confused or mistaken,B,"Counterfactually, if Holly had witnessed event_2 (Ivan walks in, sees the data, and locks the laptop.), Holly would likely interpret Ivan's action as intentional or purposeful. Without additional context suggesting benign intent, the default social interpretation leans toward hidden intent.","[""device_state"", ""helpful_intervention"", ""false_belief""]"
Q_SCN026_T1,SCN_026,workplace,hard,original,1,first_order_tom,Vera puts the access badge for the server room in the top drawer of her desk. Marcus borrows the badge and puts it in his own desk drawer after using it. Lena asks Marcus where the server room badge is; Marcus says it's in Vera's top drawer.,"{""A"": ""Vera"", ""B"": ""Marcus"", ""C"": ""Lena""}","Based on what Vera has witnessed, what does Vera believe about the badge location?",Vera's top drawer (was told by Marcus),Vera does not know,his own drawer (lied to Lena),her top drawer,D,"Vera only witnessed event_1. They did not witness event_2, event_3. Therefore, Vera believes the badge location is: her top drawer.","[""deception"", ""object_location"", ""deliberate_misinformation""]"
Q_SCN026_T2,SCN_026,workplace,hard,original,2,second_order_tom,Vera puts the access badge for the server room in the top drawer of her desk. Marcus borrows the badge and puts it in his own desk drawer after using it. Lena asks Marcus where the server room badge is; Marcus says it's in Vera's top drawer.,"{""A"": ""Vera"", ""B"": ""Marcus"", ""C"": ""Lena""}",What does Vera think Marcus believes about the badge location?,his own drawer (lied to Lena),Vera thinks Marcus doesn't know about the badge location,Vera's top drawer (was told by Marcus),her top drawer,D,"Vera knows that Marcus was present for event_1. From Vera's perspective, Marcus's belief would be: her top drawer. This tests whether the model distinguishes 'what B actually knows' from 'what A thinks B knows'.","[""deception"", ""object_location"", ""deliberate_misinformation""]"
Q_SCN026_T3,SCN_026,workplace,hard,original,3,counterfactual_tom,Vera puts the access badge for the server room in the top drawer of her desk. Marcus borrows the badge and puts it in his own desk drawer after using it. Lena asks Marcus where the server room badge is; Marcus says it's in Vera's top drawer.,"{""A"": ""Vera"", ""B"": ""Marcus"", ""C"": ""Lena""}","If Vera had witnessed event_2, what would Vera most likely think about Marcus's intention?",Marcus was trying to help or organize,Marcus was confused or mistaken,Marcus was unaware of the consequences,Marcus was acting with hidden intent,D,"Counterfactually, if Vera had witnessed event_2 (Marcus borrows the badge and puts it in his own desk drawer after using it.), Vera would likely interpret Marcus's action as intentional or purposeful. Without additional context suggesting benign intent, the default social interpretation leans toward hidden intent.","[""deception"", ""object_location"", ""deliberate_misinformation""]"
Q_SCN027_T1,SCN_027,workplace,medium,original,1,first_order_tom,Brandon tells Suki he finished debugging the code. Brandon privately discovers another bug but doesn't tell anyone. Suki tells Earl the code is ready for deployment.,"{""A"": ""Brandon"", ""B"": ""Suki"", ""C"": ""Earl""}","Based on what Brandon has witnessed, what does Brandon believe about the code status?",still has bug,Brandon does not know,ready for deployment,Brandon has no opinion about it,A,"Brandon only witnessed event_1, event_2. They did not witness event_3. Therefore, Brandon believes the code status is: still has bug.","[""status_misrepresentation"", ""information_cascade"", ""false_belief""]"
Q_SCN027_T2,SCN_027,workplace,medium,original,2,second_order_tom,Brandon tells Suki he finished debugging the code. Brandon privately discovers another bug but doesn't tell anyone. Suki tells Earl the code is ready for deployment.,"{""A"": ""Brandon"", ""B"": ""Suki"", ""C"": ""Earl""}",What does Brandon think Suki believes about the code status?,Brandon thinks Suki doesn't know about the code status,still has bug,Suki has never encountered the code status,ready for deployment,B,"Brandon knows that Suki was present for event_1. From Brandon's perspective, Suki's belief would be: still has bug. This tests whether the model distinguishes 'what B actually knows' from 'what A thinks B knows'.","[""status_misrepresentation"", ""information_cascade"", ""false_belief""]"
Q_SCN027_T3,SCN_027,workplace,medium,original,3,counterfactual_tom,Brandon tells Suki he finished debugging the code. Brandon privately discovers another bug but doesn't tell anyone. Suki tells Earl the code is ready for deployment.,"{""A"": ""Brandon"", ""B"": ""Suki"", ""C"": ""Earl""}","If Brandon had witnessed event_3, what would Brandon most likely think about Suki's intention?",Suki was confused or mistaken,Suki was acting with hidden intent,Suki was unaware of the consequences,Suki was trying to help or organize,B,"Counterfactually, if Brandon had witnessed event_3 (Suki tells Earl the code is ready for deployment.), Brandon would likely interpret Suki's action as intentional or purposeful. Without additional context suggesting benign intent, the default social interpretation leans toward hidden intent.","[""status_misrepresentation"", ""information_cascade"", ""false_belief""]"
Q_SCN028_T1,SCN_028,workplace,easy,original,1,first_order_tom,"Dina books the rooftop terrace for a team celebration on Friday. George reserves the same terrace for a client dinner on Friday, unaware of Dina's booking. Pam sees both bookings in the system and knows there's a conflict.","{""A"": ""Dina"", ""B"": ""George"", ""C"": ""Pam""}","Based on what Dina has witnessed, what does Dina believe about the terrace friday?",booked for team celebration,"double-booked, conflict exists",booked for client dinner,Dina does not know,A,"Dina only witnessed event_1. They did not witness event_2, event_3. Therefore, Dina believes the terrace friday is: booked for team celebration.","[""scheduling_conflict"", ""mutual_ignorance"", ""third_party_awareness""]"
Q_SCN028_T2,SCN_028,workplace,easy,original,2,second_order_tom,"Dina books the rooftop terrace for a team celebration on Friday. George reserves the same terrace for a client dinner on Friday, unaware of Dina's booking. Pam sees both bookings in the system and knows there's a conflict.","{""A"": ""Dina"", ""B"": ""George"", ""C"": ""Pam""}",What does Dina think George believes about the terrace friday?,booked for team celebration,Dina thinks George doesn't know about the terrace friday,booked for client dinner,"double-booked, conflict exists",A,"Dina knows that George was present for some events. From Dina's perspective, George's belief would be: booked for team celebration. This tests whether the model distinguishes 'what B actually knows' from 'what A thinks B knows'.","[""scheduling_conflict"", ""mutual_ignorance"", ""third_party_awareness""]"
Q_SCN028_T3,SCN_028,workplace,easy,original,3,counterfactual_tom,"Dina books the rooftop terrace for a team celebration on Friday. George reserves the same terrace for a client dinner on Friday, unaware of Dina's booking. Pam sees both bookings in the system and knows there's a conflict.","{""A"": ""Dina"", ""B"": ""George"", ""C"": ""Pam""}","If Dina had witnessed event_2, what would Dina most likely think about George's intention?",George was confused or mistaken,George was unaware of the consequences,George was acting with hidden intent,George was trying to help or organize,C,"Counterfactually, if Dina had witnessed event_2 (George reserves the same terrace for a client dinner on Friday, unaware of Dina's booking.), Dina would likely interpret George's action as intentional or purposeful. Without additional context suggesting benign intent, the default social interpretation leans toward hidden intent.","[""scheduling_conflict"", ""mutual_ignorance"", ""third_party_awareness""]"
Q_SCN029_T1,SCN_029,workplace,hard,original,1,first_order_tom,"Louise puts confidential salary data in a sealed envelope on Hank's desk. Hank thinks the envelope is junk mail and throws it in the recycling bin. Zara retrieves the envelope from recycling, sees the confidential stamp, and puts it in the office safe.","{""A"": ""Louise"", ""B"": ""Hank"", ""C"": ""Zara""}","Based on what Louise has witnessed, what does Louise believe about the envelope location?",Louise does not know,office safe,Hank's desk,recycling bin,C,"Louise only witnessed event_1. They did not witness event_2, event_3. Therefore, Louise believes the envelope location is: Hank's desk.","[""object_location"", ""chain_transfer"", ""misidentification""]"
Q_SCN029_T2,SCN_029,workplace,hard,original,2,second_order_tom,"Louise puts confidential salary data in a sealed envelope on Hank's desk. Hank thinks the envelope is junk mail and throws it in the recycling bin. Zara retrieves the envelope from recycling, sees the confidential stamp, and puts it in the office safe.","{""A"": ""Louise"", ""B"": ""Hank"", ""C"": ""Zara""}",What does Louise think Hank believes about the envelope location?,recycling bin,Louise thinks Hank doesn't know about the envelope location,Hank's desk,office safe,C,"Louise knows that Hank was present for some events. From Louise's perspective, Hank's belief would be: Hank's desk. This tests whether the model distinguishes 'what B actually knows' from 'what A thinks B knows'.","[""object_location"", ""chain_transfer"", ""misidentification""]"
Q_SCN029_T3,SCN_029,workplace,hard,original,3,counterfactual_tom,"Louise puts confidential salary data in a sealed envelope on Hank's desk. Hank thinks the envelope is junk mail and throws it in the recycling bin. Zara retrieves the envelope from recycling, sees the confidential stamp, and puts it in the office safe.","{""A"": ""Louise"", ""B"": ""Hank"", ""C"": ""Zara""}","If Louise had witnessed event_2, what would Louise most likely think about Hank's intention?",Hank was trying to help or organize,Hank was acting with hidden intent,Hank was confused or mistaken,Hank was unaware of the consequences,B,"Counterfactually, if Louise had witnessed event_2 (Hank thinks the envelope is junk mail and throws it in the recycling bin.), Louise would likely interpret Hank's action as intentional or purposeful. Without additional context suggesting benign intent, the default social interpretation leans toward hidden intent.","[""object_location"", ""chain_transfer"", ""misidentification""]"
Q_SCN030_T1,SCN_030,workplace,medium,original,1,first_order_tom,"Todd tells Miriam he's applying for the senior manager position. Todd decides not to apply after reading the job requirements, but only tells Jessie. Miriam congratulates Todd on applying in front of the whole team.","{""A"": ""Todd"", ""B"": ""Miriam"", ""C"": ""Jessie""}","Based on what Todd has witnessed, what does Todd believe about the application status?",applying,Todd has no opinion about it,Todd does not know,not applying,D,"Todd only witnessed event_1, event_2, event_3. Therefore, Todd believes the application status is: not applying.","[""plan_change"", ""social_awkwardness"", ""false_belief""]"
Q_SCN030_T2,SCN_030,workplace,medium,original,2,second_order_tom,"Todd tells Miriam he's applying for the senior manager position. Todd decides not to apply after reading the job requirements, but only tells Jessie. Miriam congratulates Todd on applying in front of the whole team.","{""A"": ""Todd"", ""B"": ""Miriam"", ""C"": ""Jessie""}",What does Todd think Miriam believes about the application status?,Miriam has never encountered the application status,Todd thinks Miriam doesn't know about the application status,not applying,applying,C,"Todd knows that Miriam was present for event_1, event_3. From Todd's perspective, Miriam's belief would be: not applying. This tests whether the model distinguishes 'what B actually knows' from 'what A thinks B knows'.","[""plan_change"", ""social_awkwardness"", ""false_belief""]"
Q_SCN030_T3,SCN_030,workplace,medium,original,3,counterfactual_tom,"Todd tells Miriam he's applying for the senior manager position. Todd decides not to apply after reading the job requirements, but only tells Jessie. Miriam congratulates Todd on applying in front of the whole team.","{""A"": ""Todd"", ""B"": ""Miriam"", ""C"": ""Jessie""}","If Todd had witnessed event_3, what would Todd most likely think about Miriam's intention?",Miriam was confused or mistaken,Miriam was acting with hidden intent,Miriam was unaware of the consequences,Miriam was trying to help or organize,B,"Counterfactually, if Todd had witnessed event_3 (Miriam congratulates Todd on applying in front of the whole team.), Todd would likely interpret Miriam's action as intentional or purposeful. Without additional context suggesting benign intent, the default social interpretation leans toward hidden intent.","[""plan_change"", ""social_awkwardness"", ""false_belief""]"
Q_SCN031_T1,SCN_031,workplace,easy,original,1,first_order_tom,Kira stores the USB drive with presentation files in the conference room AV cabinet. Walt takes the USB drive to update the files at his desk. Opal needs the presentation and checks the AV cabinet.,"{""A"": ""Kira"", ""B"": ""Walt"", ""C"": ""Opal""}","Based on what Kira has witnessed, what does Kira believe about the usb location?",Kira does not know,AV cabinet,"not in AV cabinet, unknown",his desk,B,"Kira only witnessed event_1. They did not witness event_2, event_3. Therefore, Kira believes the usb location is: AV cabinet.","[""object_location"", ""false_belief"", ""workplace_tech""]"
Q_SCN031_T2,SCN_031,workplace,easy,original,2,second_order_tom,Kira stores the USB drive with presentation files in the conference room AV cabinet. Walt takes the USB drive to update the files at his desk. Opal needs the presentation and checks the AV cabinet.,"{""A"": ""Kira"", ""B"": ""Walt"", ""C"": ""Opal""}",What does Kira think Walt believes about the usb location?,Kira thinks Walt doesn't know about the usb location,"not in AV cabinet, unknown",his desk,AV cabinet,D,"Kira knows that Walt was present for event_1. From Kira's perspective, Walt's belief would be: AV cabinet. This tests whether the model distinguishes 'what B actually knows' from 'what A thinks B knows'.","[""object_location"", ""false_belief"", ""workplace_tech""]"
Q_SCN031_T3,SCN_031,workplace,easy,original,3,counterfactual_tom,Kira stores the USB drive with presentation files in the conference room AV cabinet. Walt takes the USB drive to update the files at his desk. Opal needs the presentation and checks the AV cabinet.,"{""A"": ""Kira"", ""B"": ""Walt"", ""C"": ""Opal""}","If Kira had witnessed event_2, what would Kira most likely think about Walt's intention?",Walt was unaware of the consequences,Walt was trying to help or organize,Walt was acting with hidden intent,Walt was confused or mistaken,C,"Counterfactually, if Kira had witnessed event_2 (Walt takes the USB drive to update the files at his desk.), Kira would likely interpret Walt's action as intentional or purposeful. Without additional context suggesting benign intent, the default social interpretation leans toward hidden intent.","[""object_location"", ""false_belief"", ""workplace_tech""]"
Q_SCN032_T1,SCN_032,workplace,medium,original,1,first_order_tom,"Frank tells Lila the client loved the pitch and wants to proceed. The client calls Frank privately and says they need more time to decide. Lila tells Omar the deal is confirmed, based on what Frank told her.","{""A"": ""Frank"", ""B"": ""Lila"", ""C"": ""Omar""}","Based on what Frank has witnessed, what does Frank believe about the deal status?",client needs more time,Frank does not know,Frank has no opinion about it,deal confirmed,A,"Frank only witnessed event_1, event_2. They did not witness event_3. Therefore, Frank believes the deal status is: client needs more time.","[""status_change"", ""information_cascade"", ""outdated_belief""]"
Q_SCN032_T2,SCN_032,workplace,medium,original,2,second_order_tom,"Frank tells Lila the client loved the pitch and wants to proceed. The client calls Frank privately and says they need more time to decide. Lila tells Omar the deal is confirmed, based on what Frank told her.","{""A"": ""Frank"", ""B"": ""Lila"", ""C"": ""Omar""}",What does Frank think Lila believes about the deal status?,client needs more time,Lila has never encountered the deal status,Frank thinks Lila doesn't know about the deal status,deal confirmed,A,"Frank knows that Lila was present for event_1. From Frank's perspective, Lila's belief would be: client needs more time. This tests whether the model distinguishes 'what B actually knows' from 'what A thinks B knows'.","[""status_change"", ""information_cascade"", ""outdated_belief""]"
Q_SCN032_T3,SCN_032,workplace,medium,original,3,counterfactual_tom,"Frank tells Lila the client loved the pitch and wants to proceed. The client calls Frank privately and says they need more time to decide. Lila tells Omar the deal is confirmed, based on what Frank told her.","{""A"": ""Frank"", ""B"": ""Lila"", ""C"": ""Omar""}","If Frank had witnessed event_3, what would Frank most likely think about Lila's intention?",Lila was confused or mistaken,Lila was acting with hidden intent,Lila was trying to help or organize,Lila was unaware of the consequences,B,"Counterfactually, if Frank had witnessed event_3 (Lila tells Omar the deal is confirmed, based on what Frank told her.), Frank would likely interpret Lila's action as intentional or purposeful. Without additional context suggesting benign intent, the default social interpretation leans toward hidden intent.","[""status_change"", ""information_cascade"", ""outdated_belief""]"
Q_SCN033_T1,SCN_033,workplace,hard,original,1,first_order_tom,"Tessa labels a box of product samples and puts it by the shipping dock. Nolan sees an unlabeled box at the dock and assumes it's trash, moving it to the dumpster area. Bianca witnesses Nolan moving the box but doesn't intervene.","{""A"": ""Tessa"", ""B"": ""Nolan"", ""C"": ""Bianca""}","Based on what Tessa has witnessed, what does Tessa believe about the box location?","dumpster area (saw Nolan move it, knows it's samples)",Tessa does not know,dumpster area (thinks it's trash),shipping dock,D,"Tessa only witnessed event_1. They did not witness event_2, event_3. Therefore, Tessa believes the box location is: shipping dock.","[""object_location"", ""misidentification"", ""bystander_knowledge""]"
Q_SCN033_T2,SCN_033,workplace,hard,original,2,second_order_tom,"Tessa labels a box of product samples and puts it by the shipping dock. Nolan sees an unlabeled box at the dock and assumes it's trash, moving it to the dumpster area. Bianca witnesses Nolan moving the box but doesn't intervene.","{""A"": ""Tessa"", ""B"": ""Nolan"", ""C"": ""Bianca""}",What does Tessa think Nolan believes about the box location?,dumpster area (thinks it's trash),Tessa thinks Nolan doesn't know about the box location,"dumpster area (saw Nolan move it, knows it's samples)",shipping dock,D,"Tessa knows that Nolan was present for some events. From Tessa's perspective, Nolan's belief would be: shipping dock. This tests whether the model distinguishes 'what B actually knows' from 'what A thinks B knows'.","[""object_location"", ""misidentification"", ""bystander_knowledge""]"
Q_SCN033_T3,SCN_033,workplace,hard,original,3,counterfactual_tom,"Tessa labels a box of product samples and puts it by the shipping dock. Nolan sees an unlabeled box at the dock and assumes it's trash, moving it to the dumpster area. Bianca witnesses Nolan moving the box but doesn't intervene.","{""A"": ""Tessa"", ""B"": ""Nolan"", ""C"": ""Bianca""}","If Tessa had witnessed event_2, what would Tessa most likely think about Nolan's intention?",Nolan was unaware of the consequences,Nolan was trying to help or organize,Nolan was acting with hidden intent,Nolan was confused or mistaken,C,"Counterfactually, if Tessa had witnessed event_2 (Nolan sees an unlabeled box at the dock and assumes it's trash, moving it to the dumpster area.), Tessa would likely interpret Nolan's action as intentional or purposeful. Without additional context suggesting benign intent, the default social interpretation leans toward hidden intent.","[""object_location"", ""misidentification"", ""bystander_knowledge""]"
Q_SCN034_T1,SCN_034,workplace,medium,original,1,first_order_tom,"Elise puts her lunch in the office fridge with her name on it. Jared accidentally eats Elise's lunch, thinking it's the one he brought. Mei sees the empty container with Elise's name on it in the trash.","{""A"": ""Elise"", ""B"": ""Jared"", ""C"": ""Mei""}","Based on what Elise has witnessed, what does Elise believe about the lunch status?",someone ate Elise's lunch,he ate his own lunch,Elise does not know,in the fridge,D,"Elise only witnessed event_1. They did not witness event_2, event_3. Therefore, Elise believes the lunch status is: in the fridge.","[""object_state"", ""accidental_action"", ""evidence_based_inference""]"
Q_SCN034_T2,SCN_034,workplace,medium,original,2,second_order_tom,"Elise puts her lunch in the office fridge with her name on it. Jared accidentally eats Elise's lunch, thinking it's the one he brought. Mei sees the empty container with Elise's name on it in the trash.","{""A"": ""Elise"", ""B"": ""Jared"", ""C"": ""Mei""}",What does Elise think Jared believes about the lunch status?,Elise thinks Jared doesn't know about the lunch status,he ate his own lunch,in the fridge,someone ate Elise's lunch,C,"Elise knows that Jared was present for some events. From Elise's perspective, Jared's belief would be: in the fridge. This tests whether the model distinguishes 'what B actually knows' from 'what A thinks B knows'.","[""object_state"", ""accidental_action"", ""evidence_based_inference""]"
Q_SCN034_T3,SCN_034,workplace,medium,original,3,counterfactual_tom,"Elise puts her lunch in the office fridge with her name on it. Jared accidentally eats Elise's lunch, thinking it's the one he brought. Mei sees the empty container with Elise's name on it in the trash.","{""A"": ""Elise"", ""B"": ""Jared"", ""C"": ""Mei""}","If Elise had witnessed event_2, what would Elise most likely think about Jared's intention?",Jared was trying to help or organize,Jared was acting with hidden intent,Jared was unaware of the consequences,Jared was confused or mistaken,B,"Counterfactually, if Elise had witnessed event_2 (Jared accidentally eats Elise's lunch, thinking it's the one he brought.), Elise would likely interpret Jared's action as intentional or purposeful. Without additional context suggesting benign intent, the default social interpretation leans toward hidden intent.","[""object_state"", ""accidental_action"", ""evidence_based_inference""]"
Q_SCN035_T1,SCN_035,social,hard,original,1,first_order_tom,Cora tells Miles she's throwing a surprise party for Dana on Saturday. Dana overhears Cora on the phone mentioning a party on Saturday. Dana pretends she doesn't know about any party when talking to Miles.,"{""A"": ""Cora"", ""B"": ""Miles"", ""C"": ""Dana""}","Based on what Cora has witnessed, what does Cora believe about the surprise status?",Dana doesn't know (Dana pretended),Dana doesn't know,Cora does not know,"knows about party, is pretending not to",B,"Cora only witnessed event_1. They did not witness event_2, event_3. Therefore, Cora believes the surprise status is: Dana doesn't know.","[""social_deception"", ""surprise_party"", ""meta_deception""]"
Q_SCN035_T2,SCN_035,social,hard,original,2,second_order_tom,Cora tells Miles she's throwing a surprise party for Dana on Saturday. Dana overhears Cora on the phone mentioning a party on Saturday. Dana pretends she doesn't know about any party when talking to Miles.,"{""A"": ""Cora"", ""B"": ""Miles"", ""C"": ""Dana""}",What does Cora think Miles believes about the surprise status?,"knows about party, is pretending not to",Dana doesn't know,Cora thinks Miles doesn't know about the surprise status,Dana doesn't know (Dana pretended),B,"Cora knows that Miles was present for event_1. From Cora's perspective, Miles's belief would be: Dana doesn't know. This tests whether the model distinguishes 'what B actually knows' from 'what A thinks B knows'.","[""social_deception"", ""surprise_party"", ""meta_deception""]"
Q_SCN035_T3,SCN_035,social,hard,original,3,counterfactual_tom,Cora tells Miles she's throwing a surprise party for Dana on Saturday. Dana overhears Cora on the phone mentioning a party on Saturday. Dana pretends she doesn't know about any party when talking to Miles.,"{""A"": ""Cora"", ""B"": ""Miles"", ""C"": ""Dana""}","If Cora had witnessed event_2, what would Cora most likely think about Miles's intention?",Miles was trying to help or organize,Miles was unaware of the consequences,Miles was confused or mistaken,Miles was acting with hidden intent,D,"Counterfactually, if Cora had witnessed event_2 (Dana overhears Cora on the phone mentioning a party on Saturday.), Cora would likely interpret Miles's action as intentional or purposeful. Without additional context suggesting benign intent, the default social interpretation leans toward hidden intent.","[""social_deception"", ""surprise_party"", ""meta_deception""]"
Q_SCN036_T1,SCN_036,social,hard,original,1,first_order_tom,Victor parks his car in Lot B at the shopping mall. Alice sees a car identical to Victor's in Lot A and assumes that's where Victor parked. Reuben tells Alice he saw Victor walking from Lot B.,"{""A"": ""Victor"", ""B"": ""Alice"", ""C"": ""Reuben""}","Based on what Victor has witnessed, what does Victor believe about the car location?",Victor does not know,Lot B,uncertain — conflicting evidence from event 2 and 3,Lot B (based on what he told Alice),B,"Victor only witnessed event_1. They did not witness event_2, event_3. Therefore, Victor believes the car location is: Lot B.","[""object_location"", ""conflicting_evidence"", ""social_testimony""]"
Q_SCN036_T2,SCN_036,social,hard,original,2,second_order_tom,Victor parks his car in Lot B at the shopping mall. Alice sees a car identical to Victor's in Lot A and assumes that's where Victor parked. Reuben tells Alice he saw Victor walking from Lot B.,"{""A"": ""Victor"", ""B"": ""Alice"", ""C"": ""Reuben""}",What does Victor think Alice believes about the car location?,Victor thinks Alice doesn't know about the car location,uncertain — conflicting evidence from event 2 and 3,Lot B,Lot B (based on what he told Alice),C,"Victor knows that Alice was present for some events. From Victor's perspective, Alice's belief would be: Lot B. This tests whether the model distinguishes 'what B actually knows' from 'what A thinks B knows'.","[""object_location"", ""conflicting_evidence"", ""social_testimony""]"
Q_SCN036_T3,SCN_036,social,hard,original,3,counterfactual_tom,Victor parks his car in Lot B at the shopping mall. Alice sees a car identical to Victor's in Lot A and assumes that's where Victor parked. Reuben tells Alice he saw Victor walking from Lot B.,"{""A"": ""Victor"", ""B"": ""Alice"", ""C"": ""Reuben""}","If Victor had witnessed event_2, what would Victor most likely think about Alice's intention?",Alice was confused or mistaken,Alice was acting with hidden intent,Alice was trying to help or organize,Alice was unaware of the consequences,B,"Counterfactually, if Victor had witnessed event_2 (Alice sees a car identical to Victor's in Lot A and assumes that's where Victor parked.), Victor would likely interpret Alice's action as intentional or purposeful. Without additional context suggesting benign intent, the default social interpretation leans toward hidden intent.","[""object_location"", ""conflicting_evidence"", ""social_testimony""]"
Q_SCN037_T1,SCN_037,social,easy,original,1,first_order_tom,Gwen leaves her jacket on a park bench and walks to the ice cream stand. Patrick picks up the jacket to return it to Gwen but gets distracted talking to a friend. Sasha sits on the bench and doesn't see any jacket.,"{""A"": ""Gwen"", ""B"": ""Patrick"", ""C"": ""Sasha""}","Based on what Gwen has witnessed, what does Gwen believe about the jacket location?",Gwen does not know,in his hands,no jacket on bench,park bench,D,"Gwen only witnessed event_1. They did not witness event_2, event_3. Therefore, Gwen believes the jacket location is: park bench.","[""object_location"", ""interrupted_action"", ""false_belief""]"
Q_SCN037_T2,SCN_037,social,easy,original,2,second_order_tom,Gwen leaves her jacket on a park bench and walks to the ice cream stand. Patrick picks up the jacket to return it to Gwen but gets distracted talking to a friend. Sasha sits on the bench and doesn't see any jacket.,"{""A"": ""Gwen"", ""B"": ""Patrick"", ""C"": ""Sasha""}",What does Gwen think Patrick believes about the jacket location?,in his hands,Gwen thinks Patrick doesn't know about the jacket location,park bench,no jacket on bench,C,"Gwen knows that Patrick was present for event_1. From Gwen's perspective, Patrick's belief would be: park bench. This tests whether the model distinguishes 'what B actually knows' from 'what A thinks B knows'.","[""object_location"", ""interrupted_action"", ""false_belief""]"
Q_SCN037_T3,SCN_037,social,easy,original,3,counterfactual_tom,Gwen leaves her jacket on a park bench and walks to the ice cream stand. Patrick picks up the jacket to return it to Gwen but gets distracted talking to a friend. Sasha sits on the bench and doesn't see any jacket.,"{""A"": ""Gwen"", ""B"": ""Patrick"", ""C"": ""Sasha""}","If Gwen had witnessed event_2, what would Gwen most likely think about Patrick's intention?",Patrick was unaware of the consequences,Patrick was trying to help or organize,Patrick was acting with hidden intent,Patrick was confused or mistaken,C,"Counterfactually, if Gwen had witnessed event_2 (Patrick picks up the jacket to return it to Gwen but gets distracted talking to a friend.), Gwen would likely interpret Patrick's action as intentional or purposeful. Without additional context suggesting benign intent, the default social interpretation leans toward hidden intent.","[""object_location"", ""interrupted_action"", ""false_belief""]"
Q_SCN038_T1,SCN_038,social,medium,original,1,first_order_tom,Troy tells Carmen he got accepted to medical school. Troy receives a follow-up email retracting the acceptance due to an administrative error. Carmen excitedly tells Leo that Troy got into medical school.,"{""A"": ""Troy"", ""B"": ""Carmen"", ""C"": ""Leo""}","Based on what Troy has witnessed, what does Troy believe about the acceptance status?",retracted,Troy has no opinion about it,Troy does not know,accepted,A,"Troy only witnessed event_1, event_2. They did not witness event_3. Therefore, Troy believes the acceptance status is: retracted.","[""status_change"", ""information_cascade"", ""outdated_belief""]"
Q_SCN038_T2,SCN_038,social,medium,original,2,second_order_tom,Troy tells Carmen he got accepted to medical school. Troy receives a follow-up email retracting the acceptance due to an administrative error. Carmen excitedly tells Leo that Troy got into medical school.,"{""A"": ""Troy"", ""B"": ""Carmen"", ""C"": ""Leo""}",What does Troy think Carmen believes about the acceptance status?,accepted,retracted,Troy thinks Carmen doesn't know about the acceptance status,Carmen has never encountered the acceptance status,B,"Troy knows that Carmen was present for event_1. From Troy's perspective, Carmen's belief would be: retracted. This tests whether the model distinguishes 'what B actually knows' from 'what A thinks B knows'.","[""status_change"", ""information_cascade"", ""outdated_belief""]"
Q_SCN038_T3,SCN_038,social,medium,original,3,counterfactual_tom,Troy tells Carmen he got accepted to medical school. Troy receives a follow-up email retracting the acceptance due to an administrative error. Carmen excitedly tells Leo that Troy got into medical school.,"{""A"": ""Troy"", ""B"": ""Carmen"", ""C"": ""Leo""}","If Troy had witnessed event_3, what would Troy most likely think about Carmen's intention?",Carmen was trying to help or organize,Carmen was confused or mistaken,Carmen was unaware of the consequences,Carmen was acting with hidden intent,D,"Counterfactually, if Troy had witnessed event_3 (Carmen excitedly tells Leo that Troy got into medical school.), Troy would likely interpret Carmen's action as intentional or purposeful. Without additional context suggesting benign intent, the default social interpretation leans toward hidden intent.","[""status_change"", ""information_cascade"", ""outdated_belief""]"
Q_SCN039_T1,SCN_039,social,medium,original,1,first_order_tom,Naomi tells Elliot she'll meet him at Café Luna at 5 PM. Naomi texts Jade that she changed the meeting spot to Café Sol. Jade assumes Elliot also knows about the change.,"{""A"": ""Naomi"", ""B"": ""Elliot"", ""C"": ""Jade""}","Based on what Naomi has witnessed, what does Naomi believe about the meeting location?","Café Sol, thinks Elliot also knows",Naomi does not know,Café Luna,Café Sol,D,"Naomi only witnessed event_1, event_2. They did not witness event_3. Therefore, Naomi believes the meeting location is: Café Sol.","[""location_change"", ""assumption_error"", ""false_belief""]"
Q_SCN039_T2,SCN_039,social,medium,original,2,second_order_tom,Naomi tells Elliot she'll meet him at Café Luna at 5 PM. Naomi texts Jade that she changed the meeting spot to Café Sol. Jade assumes Elliot also knows about the change.,"{""A"": ""Naomi"", ""B"": ""Elliot"", ""C"": ""Jade""}",What does Naomi think Elliot believes about the meeting location?,Café Luna,"Café Sol, thinks Elliot also knows",Café Sol,Naomi thinks Elliot doesn't know about the meeting location,C,"Naomi knows that Elliot was present for event_1. From Naomi's perspective, Elliot's belief would be: Café Sol. This tests whether the model distinguishes 'what B actually knows' from 'what A thinks B knows'.","[""location_change"", ""assumption_error"", ""false_belief""]"
Q_SCN039_T3,SCN_039,social,medium,original,3,counterfactual_tom,Naomi tells Elliot she'll meet him at Café Luna at 5 PM. Naomi texts Jade that she changed the meeting spot to Café Sol. Jade assumes Elliot also knows about the change.,"{""A"": ""Naomi"", ""B"": ""Elliot"", ""C"": ""Jade""}","If Naomi had witnessed event_3, what would Naomi most likely think about Elliot's intention?",Elliot was unaware of the consequences,Elliot was acting with hidden intent,Elliot was trying to help or organize,Elliot was confused or mistaken,B,"Counterfactually, if Naomi had witnessed event_3 (Jade assumes Elliot also knows about the change.), Naomi would likely interpret Elliot's action as intentional or purposeful. Without additional context suggesting benign intent, the default social interpretation leans toward hidden intent.","[""location_change"", ""assumption_error"", ""false_belief""]"
Q_SCN040_T1,SCN_040,social,easy,original,1,first_order_tom,"Drew hides a geocache behind the library fountain. Kaye finds the geocache and moves it to the community garden as a joke. Milo asks Drew where the geocache is, and Drew gives the original location.","{""A"": ""Drew"", ""B"": ""Kaye"", ""C"": ""Milo""}","Based on what Drew has witnessed, what does Drew believe about the geocache location?",community garden,Drew does not know,behind library fountain,behind library fountain (told by Drew),C,"Drew only witnessed event_1, event_3. They did not witness event_2. Therefore, Drew believes the geocache location is: behind library fountain.","[""object_location"", ""prank"", ""outdated_belief""]"
Q_SCN040_T2,SCN_040,social,easy,original,2,second_order_tom,"Drew hides a geocache behind the library fountain. Kaye finds the geocache and moves it to the community garden as a joke. Milo asks Drew where the geocache is, and Drew gives the original location.","{""A"": ""Drew"", ""B"": ""Kaye"", ""C"": ""Milo""}",What does Drew think Kaye believes about the geocache location?,Drew thinks Kaye doesn't know about the geocache location,behind library fountain (told by Drew),community garden,behind library fountain,D,"Drew knows that Kaye was present for some events. From Drew's perspective, Kaye's belief would be: behind library fountain. This tests whether the model distinguishes 'what B actually knows' from 'what A thinks B knows'.","[""object_location"", ""prank"", ""outdated_belief""]"
Q_SCN040_T3,SCN_040,social,easy,original,3,counterfactual_tom,"Drew hides a geocache behind the library fountain. Kaye finds the geocache and moves it to the community garden as a joke. Milo asks Drew where the geocache is, and Drew gives the original location.","{""A"": ""Drew"", ""B"": ""Kaye"", ""C"": ""Milo""}","If Drew had witnessed event_2, what would Drew most likely think about Kaye's intention?",Kaye was unaware of the consequences,Kaye was confused or mistaken,Kaye was acting with hidden intent,Kaye was trying to help or organize,C,"Counterfactually, if Drew had witnessed event_2 (Kaye finds the geocache and moves it to the community garden as a joke.), Drew would likely interpret Kaye's action as intentional or purposeful. Without additional context suggesting benign intent, the default social interpretation leans toward hidden intent.","[""object_location"", ""prank"", ""outdated_belief""]"
Q_SCN041_T1,SCN_041,social,easy,original,1,first_order_tom,"Ruth brings a homemade cake to the picnic and sets it on the main table. Kyle moves the cake to a shaded table to prevent melting, while Ruth is playing frisbee. Nia tells a latecomer the cake is on the main table.","{""A"": ""Ruth"", ""B"": ""Kyle"", ""C"": ""Nia""}","Based on what Ruth has witnessed, what does Ruth believe about the cake location?",Ruth does not know,main table,Ruth has no opinion about it,shaded table,B,"Ruth only witnessed event_1. They did not witness event_2, event_3. Therefore, Ruth believes the cake location is: main table.","[""object_location"", ""helpful_move"", ""outdated_belief""]"
Q_SCN041_T2,SCN_041,social,easy,original,2,second_order_tom,"Ruth brings a homemade cake to the picnic and sets it on the main table. Kyle moves the cake to a shaded table to prevent melting, while Ruth is playing frisbee. Nia tells a latecomer the cake is on the main table.","{""A"": ""Ruth"", ""B"": ""Kyle"", ""C"": ""Nia""}",What does Ruth think Kyle believes about the cake location?,main table,Kyle has never encountered the cake location,Ruth thinks Kyle doesn't know about the cake location,shaded table,A,"Ruth knows that Kyle was present for event_1. From Ruth's perspective, Kyle's belief would be: main table. This tests whether the model distinguishes 'what B actually knows' from 'what A thinks B knows'.","[""object_location"", ""helpful_move"", ""outdated_belief""]"
Q_SCN041_T3,SCN_041,social,easy,original,3,counterfactual_tom,"Ruth brings a homemade cake to the picnic and sets it on the main table. Kyle moves the cake to a shaded table to prevent melting, while Ruth is playing frisbee. Nia tells a latecomer the cake is on the main table.","{""A"": ""Ruth"", ""B"": ""Kyle"", ""C"": ""Nia""}","If Ruth had witnessed event_2, what would Ruth most likely think about Kyle's intention?",Kyle was trying to help or organize,Kyle was acting with hidden intent,Kyle was confused or mistaken,Kyle was unaware of the consequences,B,"Counterfactually, if Ruth had witnessed event_2 (Kyle moves the cake to a shaded table to prevent melting, while Ruth is playing frisbee.), Ruth would likely interpret Kyle's action as intentional or purposeful. Without additional context suggesting benign intent, the default social interpretation leans toward hidden intent.","[""object_location"", ""helpful_move"", ""outdated_belief""]"
Q_SCN042_T1,SCN_042,social,easy,original,1,first_order_tom,Luca tells Wren that the concert starts at 8 PM. The venue posts online that the concert is delayed to 9 PM. Only Dex sees the update. Wren tells Dex to meet at the venue by 7:30 PM.,"{""A"": ""Luca"", ""B"": ""Wren"", ""C"": ""Dex""}","Based on what Luca has witnessed, what does Luca believe about the concert time?",9 PM,Luca has no opinion about it,8 PM,Luca does not know,C,"Luca only witnessed event_1. They did not witness event_2, event_3. Therefore, Luca believes the concert time is: 8 PM.","[""schedule_change"", ""external_update"", ""information_asymmetry""]"
Q_SCN042_T2,SCN_042,social,easy,original,2,second_order_tom,Luca tells Wren that the concert starts at 8 PM. The venue posts online that the concert is delayed to 9 PM. Only Dex sees the update. Wren tells Dex to meet at the venue by 7:30 PM.,"{""A"": ""Luca"", ""B"": ""Wren"", ""C"": ""Dex""}",What does Luca think Wren believes about the concert time?,Luca thinks Wren doesn't know about the concert time,9 PM,8 PM,Wren has never encountered the concert time,C,"Luca knows that Wren was present for event_1. From Luca's perspective, Wren's belief would be: 8 PM. This tests whether the model distinguishes 'what B actually knows' from 'what A thinks B knows'.","[""schedule_change"", ""external_update"", ""information_asymmetry""]"
Q_SCN042_T3,SCN_042,social,easy,original,3,counterfactual_tom,Luca tells Wren that the concert starts at 8 PM. The venue posts online that the concert is delayed to 9 PM. Only Dex sees the update. Wren tells Dex to meet at the venue by 7:30 PM.,"{""A"": ""Luca"", ""B"": ""Wren"", ""C"": ""Dex""}","If Luca had witnessed event_2, what would Luca most likely think about Wren's intention?",Wren was confused or mistaken,Wren was unaware of the consequences,Wren was acting with hidden intent,Wren was trying to help or organize,C,"Counterfactually, if Luca had witnessed event_2 (The venue posts online that the concert is delayed to 9 PM. Only Dex sees the update.), Luca would likely interpret Wren's action as intentional or purposeful. Without additional context suggesting benign intent, the default social interpretation leans toward hidden intent.","[""schedule_change"", ""external_update"", ""information_asymmetry""]"
Q_SCN043_T1,SCN_043,social,medium,original,1,first_order_tom,"Freya buys a vintage lamp at a flea market stall and asks the vendor to hold it. Dante sees the same lamp and buys it, not knowing it was already sold. Sage overhears the vendor complaining about selling the lamp twice.","{""A"": ""Freya"", ""B"": ""Dante"", ""C"": ""Sage""}","Based on what Freya has witnessed, what does Freya believe about the lamp status?",Freya does not know,held for her at the stall,purchased by him,"sold twice, there is a conflict",B,"Freya only witnessed event_1. They did not witness event_2, event_3. Therefore, Freya believes the lamp status is: held for her at the stall.","[""ownership_conflict"", ""mutual_ignorance"", ""third_party_awareness""]"
Q_SCN043_T2,SCN_043,social,medium,original,2,second_order_tom,"Freya buys a vintage lamp at a flea market stall and asks the vendor to hold it. Dante sees the same lamp and buys it, not knowing it was already sold. Sage overhears the vendor complaining about selling the lamp twice.","{""A"": ""Freya"", ""B"": ""Dante"", ""C"": ""Sage""}",What does Freya think Dante believes about the lamp status?,Freya thinks Dante doesn't know about the lamp status,"sold twice, there is a conflict",held for her at the stall,purchased by him,C,"Freya knows that Dante was present for some events. From Freya's perspective, Dante's belief would be: held for her at the stall. This tests whether the model distinguishes 'what B actually knows' from 'what A thinks B knows'.","[""ownership_conflict"", ""mutual_ignorance"", ""third_party_awareness""]"
Q_SCN043_T3,SCN_043,social,medium,original,3,counterfactual_tom,"Freya buys a vintage lamp at a flea market stall and asks the vendor to hold it. Dante sees the same lamp and buys it, not knowing it was already sold. Sage overhears the vendor complaining about selling the lamp twice.","{""A"": ""Freya"", ""B"": ""Dante"", ""C"": ""Sage""}","If Freya had witnessed event_2, what would Freya most likely think about Dante's intention?",Dante was acting with hidden intent,Dante was confused or mistaken,Dante was trying to help or organize,Dante was unaware of the consequences,A,"Counterfactually, if Freya had witnessed event_2 (Dante sees the same lamp and buys it, not knowing it was already sold.), Freya would likely interpret Dante's action as intentional or purposeful. Without additional context suggesting benign intent, the default social interpretation leans toward hidden intent.","[""ownership_conflict"", ""mutual_ignorance"", ""third_party_awareness""]"
Q_SCN044_T1,SCN_044,social,hard,original,1,first_order_tom,"Iris gives Noel a sealed envelope containing two movie tickets. Noel opens the envelope privately and finds the tickets. Blaine asks Iris what was in the envelope, and Iris says it was a thank-you note.","{""A"": ""Iris"", ""B"": ""Noel"", ""C"": ""Blaine""}","Based on what Iris has witnessed, what does Iris believe about the envelope contents?",Iris does not know,thank-you note,movie tickets,movie tickets (she put them in but told Blaine it was a note),D,"Iris only witnessed event_1, event_3. They did not witness event_2. Therefore, Iris believes the envelope contents is: movie tickets (she put them in but told Blaine it was a note).","[""deception"", ""hidden_content"", ""deliberate_misinformation""]"
Q_SCN044_T2,SCN_044,social,hard,original,2,second_order_tom,"Iris gives Noel a sealed envelope containing two movie tickets. Noel opens the envelope privately and finds the tickets. Blaine asks Iris what was in the envelope, and Iris says it was a thank-you note.","{""A"": ""Iris"", ""B"": ""Noel"", ""C"": ""Blaine""}",What does Iris think Noel believes about the envelope contents?,movie tickets (she put them in but told Blaine it was a note),movie tickets,thank-you note,Iris thinks Noel doesn't know about the envelope contents,A,"Iris knows that Noel was present for event_1. From Iris's perspective, Noel's belief would be: movie tickets (she put them in but told Blaine it was a note). This tests whether the model distinguishes 'what B actually knows' from 'what A thinks B knows'.","[""deception"", ""hidden_content"", ""deliberate_misinformation""]"
Q_SCN044_T3,SCN_044,social,hard,original,3,counterfactual_tom,"Iris gives Noel a sealed envelope containing two movie tickets. Noel opens the envelope privately and finds the tickets. Blaine asks Iris what was in the envelope, and Iris says it was a thank-you note.","{""A"": ""Iris"", ""B"": ""Noel"", ""C"": ""Blaine""}","If Iris had witnessed event_2, what would Iris most likely think about Noel's intention?",Noel was confused or mistaken,Noel was trying to help or organize,Noel was unaware of the consequences,Noel was acting with hidden intent,D,"Counterfactually, if Iris had witnessed event_2 (Noel opens the envelope privately and finds the tickets.), Iris would likely interpret Noel's action as intentional or purposeful. Without additional context suggesting benign intent, the default social interpretation leans toward hidden intent.","[""deception"", ""hidden_content"", ""deliberate_misinformation""]"
Q_SCN045_T1,SCN_045,social,medium,original,1,first_order_tom,Piper tells Reid she voted for Candidate X in the school election. Piper tells June she actually voted for Candidate Y and lied to Reid. Reid tells other friends that Piper supports Candidate X.,"{""A"": ""Piper"", ""B"": ""Reid"", ""C"": ""June""}","Based on what Piper has witnessed, what does Piper believe about the pipers vote?",Candidate Y,Piper has no opinion about it,Piper does not know,Candidate X,A,"Piper only witnessed event_1, event_2. They did not witness event_3. Therefore, Piper believes the pipers vote is: Candidate Y.","[""deception"", ""social_lying"", ""selective_truth""]"
Q_SCN045_T2,SCN_045,social,medium,original,2,second_order_tom,Piper tells Reid she voted for Candidate X in the school election. Piper tells June she actually voted for Candidate Y and lied to Reid. Reid tells other friends that Piper supports Candidate X.,"{""A"": ""Piper"", ""B"": ""Reid"", ""C"": ""June""}",What does Piper think Reid believes about the pipers vote?,Piper thinks Reid doesn't know about the pipers vote,Candidate X,Reid has never encountered the pipers vote,Candidate Y,D,"Piper knows that Reid was present for event_1. From Piper's perspective, Reid's belief would be: Candidate Y. This tests whether the model distinguishes 'what B actually knows' from 'what A thinks B knows'.","[""deception"", ""social_lying"", ""selective_truth""]"
Q_SCN045_T3,SCN_045,social,medium,original,3,counterfactual_tom,Piper tells Reid she voted for Candidate X in the school election. Piper tells June she actually voted for Candidate Y and lied to Reid. Reid tells other friends that Piper supports Candidate X.,"{""A"": ""Piper"", ""B"": ""Reid"", ""C"": ""June""}","If Piper had witnessed event_3, what would Piper most likely think about Reid's intention?",Reid was acting with hidden intent,Reid was trying to help or organize,Reid was unaware of the consequences,Reid was confused or mistaken,A,"Counterfactually, if Piper had witnessed event_3 (Reid tells other friends that Piper supports Candidate X.), Piper would likely interpret Reid's action as intentional or purposeful. Without additional context suggesting benign intent, the default social interpretation leans toward hidden intent.","[""deception"", ""social_lying"", ""selective_truth""]"
Q_SCN046_T1,SCN_046,social,easy,original,1,first_order_tom,Heath leaves his backpack under a tree at the park before joining a soccer game. Rosa moves the backpack to the picnic shelter because it starts raining. Quinn arrives at the park and sees a backpack in the picnic shelter. The rain stops and Heath walks back to the tree.,"{""A"": ""Heath"", ""B"": ""Rosa"", ""C"": ""Quinn""}","Based on what Heath has witnessed, what does Heath believe about the backpack location?",picnic shelter,under the tree,picnic shelter (doesn't know whose it is),Heath does not know,B,"Heath only witnessed event_1, event_4. They did not witness event_2, event_3. Therefore, Heath believes the backpack location is: under the tree.","[""object_location"", ""weather_trigger"", ""false_belief""]"
Q_SCN046_T2,SCN_046,social,easy,original,2,second_order_tom,Heath leaves his backpack under a tree at the park before joining a soccer game. Rosa moves the backpack to the picnic shelter because it starts raining. Quinn arrives at the park and sees a backpack in the picnic shelter. The rain stops and Heath walks back to the tree.,"{""A"": ""Heath"", ""B"": ""Rosa"", ""C"": ""Quinn""}",What does Heath think Rosa believes about the backpack location?,picnic shelter,under the tree,picnic shelter (doesn't know whose it is),Heath thinks Rosa doesn't know about the backpack location,B,"Heath knows that Rosa was present for event_1. From Heath's perspective, Rosa's belief would be: under the tree. This tests whether the model distinguishes 'what B actually knows' from 'what A thinks B knows'.","[""object_location"", ""weather_trigger"", ""false_belief""]"
Q_SCN046_T3,SCN_046,social,easy,original,3,counterfactual_tom,Heath leaves his backpack under a tree at the park before joining a soccer game. Rosa moves the backpack to the picnic shelter because it starts raining. Quinn arrives at the park and sees a backpack in the picnic shelter. The rain stops and Heath walks back to the tree.,"{""A"": ""Heath"", ""B"": ""Rosa"", ""C"": ""Quinn""}","If Heath had witnessed event_2, what would Heath most likely think about Rosa's intention?",Rosa was unaware of the consequences,Rosa was trying to help or organize,Rosa was acting with hidden intent,Rosa was confused or mistaken,C,"Counterfactually, if Heath had witnessed event_2 (Rosa moves the backpack to the picnic shelter because it starts raining.), Heath would likely interpret Rosa's action as intentional or purposeful. Without additional context suggesting benign intent, the default social interpretation leans toward hidden intent.","[""object_location"", ""weather_trigger"", ""false_belief""]"
Q_SCN047_T1,SCN_047,social,easy,original,1,first_order_tom,Bryce borrows a book from the community library and tells Tina about it. Bryce returns the book early without telling anyone. Tina tells Malik that Bryce has the book if he wants to borrow it.,"{""A"": ""Bryce"", ""B"": ""Tina"", ""C"": ""Malik""}","Based on what Bryce has witnessed, what does Bryce believe about the book location?",Bryce has it,Bryce has no opinion about it,Bryce does not know,returned to library,D,"Bryce only witnessed event_1, event_2. They did not witness event_3. Therefore, Bryce believes the book location is: returned to library.","[""object_location"", ""outdated_information"", ""information_cascade""]"
Q_SCN047_T2,SCN_047,social,easy,original,2,second_order_tom,Bryce borrows a book from the community library and tells Tina about it. Bryce returns the book early without telling anyone. Tina tells Malik that Bryce has the book if he wants to borrow it.,"{""A"": ""Bryce"", ""B"": ""Tina"", ""C"": ""Malik""}",What does Bryce think Tina believes about the book location?,Tina has never encountered the book location,returned to library,Bryce has it,Bryce thinks Tina doesn't know about the book location,B,"Bryce knows that Tina was present for event_1. From Bryce's perspective, Tina's belief would be: returned to library. This tests whether the model distinguishes 'what B actually knows' from 'what A thinks B knows'.","[""object_location"", ""outdated_information"", ""information_cascade""]"
Q_SCN047_T3,SCN_047,social,easy,original,3,counterfactual_tom,Bryce borrows a book from the community library and tells Tina about it. Bryce returns the book early without telling anyone. Tina tells Malik that Bryce has the book if he wants to borrow it.,"{""A"": ""Bryce"", ""B"": ""Tina"", ""C"": ""Malik""}","If Bryce had witnessed event_3, what would Bryce most likely think about Tina's intention?",Tina was acting with hidden intent,Tina was trying to help or organize,Tina was unaware of the consequences,Tina was confused or mistaken,A,"Counterfactually, if Bryce had witnessed event_3 (Tina tells Malik that Bryce has the book if he wants to borrow it.), Bryce would likely interpret Tina's action as intentional or purposeful. Without additional context suggesting benign intent, the default social interpretation leans toward hidden intent.","[""object_location"", ""outdated_information"", ""information_cascade""]"
Q_SCN048_T1,SCN_048,social,medium,original,1,first_order_tom,"Jess tells Omar she's planning to propose to her girlfriend at the restaurant tonight. Jess's girlfriend calls and reschedules dinner to tomorrow, which only Jess and Vera hear. Omar buys flowers and heads to the restaurant to surprise them.","{""A"": ""Jess"", ""B"": ""Omar"", ""C"": ""Vera""}","Based on what Jess has witnessed, what does Jess believe about the proposal timing?",Jess has no opinion about it,tonight,Jess does not know,tomorrow,D,"Jess only witnessed event_1, event_2. They did not witness event_3. Therefore, Jess believes the proposal timing is: tomorrow.","[""plan_change"", ""outdated_belief"", ""wasted_effort""]"
Q_SCN048_T2,SCN_048,social,medium,original,2,second_order_tom,"Jess tells Omar she's planning to propose to her girlfriend at the restaurant tonight. Jess's girlfriend calls and reschedules dinner to tomorrow, which only Jess and Vera hear. Omar buys flowers and heads to the restaurant to surprise them.","{""A"": ""Jess"", ""B"": ""Omar"", ""C"": ""Vera""}",What does Jess think Omar believes about the proposal timing?,tomorrow,tonight,Omar has never encountered the proposal timing,Jess thinks Omar doesn't know about the proposal timing,A,"Jess knows that Omar was present for event_1. From Jess's perspective, Omar's belief would be: tomorrow. This tests whether the model distinguishes 'what B actually knows' from 'what A thinks B knows'.","[""plan_change"", ""outdated_belief"", ""wasted_effort""]"
Q_SCN048_T3,SCN_048,social,medium,original,3,counterfactual_tom,"Jess tells Omar she's planning to propose to her girlfriend at the restaurant tonight. Jess's girlfriend calls and reschedules dinner to tomorrow, which only Jess and Vera hear. Omar buys flowers and heads to the restaurant to surprise them.","{""A"": ""Jess"", ""B"": ""Omar"", ""C"": ""Vera""}","If Jess had witnessed event_3, what would Jess most likely think about Omar's intention?",Omar was acting with hidden intent,Omar was unaware of the consequences,Omar was trying to help or organize,Omar was confused or mistaken,A,"Counterfactually, if Jess had witnessed event_3 (Omar buys flowers and heads to the restaurant to surprise them.), Jess would likely interpret Omar's action as intentional or purposeful. Without additional context suggesting benign intent, the default social interpretation leans toward hidden intent.","[""plan_change"", ""outdated_belief"", ""wasted_effort""]"
Q_SCN049_T1,SCN_049,social,medium,original,1,first_order_tom,Leah hides a time capsule in the old oak tree at the school playground. The school groundskeeper removes the oak tree stump and the capsule is moved to the storage shed. Finn visits the playground years later to dig up the capsule.,"{""A"": ""Leah"", ""B"": ""Finn"", ""C"": ""Clara""}","Based on what Leah has witnessed, what does Leah believe about the capsule location?",storage shed,Leah does not know,old oak tree,old oak tree (went to find it),C,"Leah only witnessed event_1. They did not witness event_2, event_3. Therefore, Leah believes the capsule location is: old oak tree.","[""object_location"", ""environmental_change"", ""outdated_belief""]"
Q_SCN049_T2,SCN_049,social,medium,original,2,second_order_tom,Leah hides a time capsule in the old oak tree at the school playground. The school groundskeeper removes the oak tree stump and the capsule is moved to the storage shed. Finn visits the playground years later to dig up the capsule.,"{""A"": ""Leah"", ""B"": ""Finn"", ""C"": ""Clara""}",What does Leah think Finn believes about the capsule location?,old oak tree (went to find it),old oak tree,storage shed,Leah thinks Finn doesn't know about the capsule location,B,"Leah knows that Finn was present for event_1. From Leah's perspective, Finn's belief would be: old oak tree. This tests whether the model distinguishes 'what B actually knows' from 'what A thinks B knows'.","[""object_location"", ""environmental_change"", ""outdated_belief""]"
Q_SCN049_T3,SCN_049,social,medium,original,3,counterfactual_tom,Leah hides a time capsule in the old oak tree at the school playground. The school groundskeeper removes the oak tree stump and the capsule is moved to the storage shed. Finn visits the playground years later to dig up the capsule.,"{""A"": ""Leah"", ""B"": ""Finn"", ""C"": ""Clara""}","If Leah had witnessed event_2, what would Leah most likely think about Finn's intention?",Finn was unaware of the consequences,Finn was acting with hidden intent,Finn was trying to help or organize,Finn was confused or mistaken,B,"Counterfactually, if Leah had witnessed event_2 (The school groundskeeper removes the oak tree stump and the capsule is moved to the storage shed.), Leah would likely interpret Finn's action as intentional or purposeful. Without additional context suggesting benign intent, the default social interpretation leans toward hidden intent.","[""object_location"", ""environmental_change"", ""outdated_belief""]"
Q_SCN050_T1,SCN_050,social,hard,original,1,first_order_tom,Marco tells Hana he'll bring the volleyball to the beach. Marco realizes he forgot the volleyball at home and buys a new one at a shop near the beach. Zeke finds Marco's original volleyball at Marco's house and brings it to the beach. Hana arrives at the beach.,"{""A"": ""Marco"", ""B"": ""Hana"", ""C"": ""Zeke""}","Based on what Marco has witnessed, what does Marco believe about the volleyball source?",Marco does not know,bought new one at shop,Marco brought it from home as planned,he brought Marco's original from home,B,"Marco only witnessed event_1, event_2. They did not witness event_3, event_4. Therefore, Marco believes the volleyball source is: bought new one at shop.","[""object_identity"", ""parallel_actions"", ""multiple_versions""]"
Q_SCN050_T2,SCN_050,social,hard,original,2,second_order_tom,Marco tells Hana he'll bring the volleyball to the beach. Marco realizes he forgot the volleyball at home and buys a new one at a shop near the beach. Zeke finds Marco's original volleyball at Marco's house and brings it to the beach. Hana arrives at the beach.,"{""A"": ""Marco"", ""B"": ""Hana"", ""C"": ""Zeke""}",What does Marco think Hana believes about the volleyball source?,bought new one at shop,Marco brought it from home as planned,he brought Marco's original from home,Marco thinks Hana doesn't know about the volleyball source,A,"Marco knows that Hana was present for event_1. From Marco's perspective, Hana's belief would be: bought new one at shop. This tests whether the model distinguishes 'what B actually knows' from 'what A thinks B knows'.","[""object_identity"", ""parallel_actions"", ""multiple_versions""]"
Q_SCN050_T3,SCN_050,social,hard,original,3,counterfactual_tom,Marco tells Hana he'll bring the volleyball to the beach. Marco realizes he forgot the volleyball at home and buys a new one at a shop near the beach. Zeke finds Marco's original volleyball at Marco's house and brings it to the beach. Hana arrives at the beach.,"{""A"": ""Marco"", ""B"": ""Hana"", ""C"": ""Zeke""}","If Marco had witnessed event_3, what would Marco most likely think about Hana's intention?",Hana was acting with hidden intent,Hana was confused or mistaken,Hana was trying to help or organize,Hana was unaware of the consequences,A,"Counterfactually, if Marco had witnessed event_3 (Zeke finds Marco's original volleyball at Marco's house and brings it to the beach.), Marco would likely interpret Hana's action as intentional or purposeful. Without additional context suggesting benign intent, the default social interpretation leans toward hidden intent.","[""object_identity"", ""parallel_actions"", ""multiple_versions""]"
